,gram_count,document_count,Average_freq,maha_dist
stratified,360,12,30.0,5.241961635123328
random,485,19,25.526315789473685,7.4302326119414195
sampling,815,16,50.9375,9.216529421484639
from,670,19,35.26315789473684,8.501945502249653
streaming,69,1,69.0,17.631719327041264
and,2188,19,115.15789473684211,24.27039043445575
stored,30,3,10.0,1.8297291198653984
data,470,18,26.11111111111111,7.019270985077055
state,33,10,3.3,3.4500087483580897
university,33,10,3.3,3.4500087483580897
at,151,15,10.066666666666666,5.304737277527816
t,115,16,7.1875,5.815279373130747
usa,17,4,4.25,0.9453141468208098
tirthapura,8,1,8.0,1.6177985932376384
abstract,11,7,1.5714285714285714,2.235520229697045
srs,126,8,15.75,3.11079755529561
is,1487,19,78.26315789473684,16.339090326592892
a,1915,19,100.78947368421052,21.13274786480141
widely,13,6,2.1666666666666665,1.7722115033939791
used,248,17,14.588235294117647,6.082458073275524
for,1325,19,69.73684210526316,14.591175826061958
approximate,20,5,4.0,1.3212527781584862
query,29,1,29.0,7.107360232295761
processing,51,6,8.5,1.9458896105491914
we,703,19,37.0,8.73939489415492
consider,57,11,5.181818181818182,3.7986116701429196
on,624,19,32.8421052631579,8.191815940882105
arriving,7,1,7.0,1.3643281590068304
streams,16,2,8.0,1.4408440559517086
make,34,12,2.8333333333333335,4.3350209100571675
the,6433,19,338.57894736842104,74.82396735496705
following,62,15,4.133333333333334,5.5485726314253405
present,42,6,7.0,1.8286635101974036
lower,46,9,5.111111111111111,2.963996427172979
that,768,19,40.421052631578945,9.239533623051877
shows,34,10,3.4,3.4455060935456014
any,60,15,4.0,5.556477427175496
ing,28,6,4.666666666666667,1.735775832111276
algorithm,138,7,19.714285714285715,3.5406117640470427
must,45,11,4.090909090909091,3.8424170089236585
have,223,18,12.38888888888889,6.505778837732026
in,2159,19,113.63157894736842,23.93507618093758
case,144,15,9.6,5.31592777444828
variance,275,11,25.0,4.539572431925915
r,70,15,4.666666666666667,5.517968006612259
factor,26,7,3.7142857142857144,2.154497115821596
optimal,59,8,7.375,2.5580842174043097
where,156,18,8.666666666666666,6.595214861285629
number,229,17,13.470588235294118,6.081521472197588
of,3563,19,187.52631578947367,40.45647549393001
strata,414,13,31.846153846153847,5.6633353476398725
results,194,15,12.933333333333334,5.2673164777927335
experiments,28,7,4.0,2.1493370701826944
real,15,8,1.875,2.6539573180616016
show,41,9,4.555555555555555,2.977865020229023
to,1885,19,99.21052631578948,20.790927204103337
an,382,18,21.22222222222222,6.690562461300442
offline,31,1,31.0,7.633133917549889
which,275,17,16.176470588235293,6.098703156869712
was,230,16,14.375,5.671199328396963
given,143,13,11.0,4.484930783013207
entire,36,10,3.6,3.436746123477122
input,23,6,3.8333333333333335,1.7320671502775518
also,165,15,11.0,5.286612617725695
voila,50,1,50.0,12.631239302365303
neyman,48,6,8.0,1.9023738903109146
allocation,376,13,28.923076923076923,5.365108470995195
only,98,17,5.764705882352941,6.307216806724427
under,126,13,9.692307692307692,4.500652077580194
assumption,14,5,2.8,1.3200996638193465
each,323,18,17.944444444444443,6.557580882196993
stratum,472,13,36.30769230769231,6.17310196372258
has,116,17,6.823529411764706,6.252937900687186
large,100,16,6.25,5.858734674195169
points,13,8,1.625,2.6672787472915793
choose,21,8,2.625,2.6183895465988156
can,354,19,18.63157894736842,7.010642989133409
smaller,51,14,3.642857142857143,5.1490089863563755
than,137,17,8.058823529411764,6.198682807218982
1,922,19,48.526315789473685,10.563473554879906
introduction,30,13,2.3076923076923075,4.79882953226429
method,104,15,6.933333333333334,5.406542161691928
analysis,92,12,7.666666666666667,4.13779191052533
features,33,7,4.714285714285714,2.1424493747123745
every,30,12,2.5,4.354189966302844
system,16,6,2.6666666666666665,1.7536346875965576
its,50,13,3.8461538461538463,4.708961907189596
many,68,14,4.857142857142857,5.0821581957268895
important,44,10,4.4,3.4050222114112243
classes,35,7,5.0,2.142113183186786
queries,18,1,18.0,4.21909889424038
whose,22,6,3.6666666666666665,1.7332456138429237
error,91,12,7.583333333333333,4.139847716281952
small,78,13,6.0,4.60682245576804
statistical,76,11,6.909090909090909,3.747464235218759
be,715,19,37.63157894736842,8.828613147261208
obtained,79,11,7.181818181818182,3.741481447589383
through,43,11,3.909090909090909,3.8505584836879634
over,59,14,4.214285714285714,5.116491790704877
derived,17,7,2.4285714285714284,2.19436137613984
sample,984,17,57.88235294117647,10.896281784524833
are,731,19,38.473684210526315,8.949834311607814
part,31,11,2.8181818181818183,3.9043141236851855
all,263,19,13.842105263157896,6.919791069905721
major,7,6,1.1666666666666667,1.825276782848588
database,31,6,5.166666666666667,1.7456397954508032
uniform,16,2,8.0,1.4408440559517086
element,58,5,11.6,2.174185757941716
population,469,13,36.07692307692308,6.145327582114497
chosen,27,7,3.857142857142857,2.15174629860453
with,682,19,35.89473684210526,8.586912589417006
same,88,16,5.5,5.897375071914369
ability,15,6,2.5,1.7592182807292909
may,172,16,10.75,5.701148523636054
however,86,13,6.615384615384615,4.582945709659067
lead,14,9,1.5555555555555556,3.1061298357863727
high,24,8,3.0,2.6031401720159586
estimation,31,7,4.428571428571429,2.144169615898502
suppose,31,9,3.4444444444444446,3.0150813028256445
estimate,110,13,8.461538461538462,4.526031453126901
mean,190,15,12.666666666666666,5.268506044211794
size,452,19,23.789473684210527,7.294571988586654
two,116,14,8.285714285714286,4.941112208570607
alternative,17,8,2.125,2.6413617586142877
into,121,19,6.368421052631579,7.122452061531521
called,43,15,2.8666666666666667,5.627685673219827
within,113,14,8.071428571428571,4.947783276123434
select,47,11,4.2727272727272725,3.8345133020919975
samples,233,18,12.944444444444445,6.500931682080857
combined,16,10,1.6,3.5387261149303635
derive,11,6,1.8333333333333333,1.7875941634100148
divided,37,14,2.642857142857143,5.210329527893443
one,164,16,10.25,5.712178530206724
elements,95,7,13.571428571428571,2.7026936315346584
other,152,16,9.5,5.731813474199335
much,30,10,3.0,3.464003547704593
by,430,19,22.63157894736842,7.214940280208472
s,291,19,15.31578947368421,6.929351082640206
published,12,8,1.5,2.6742082962762694
proceedings,34,6,5.666666666666667,1.7611265604292758
international,25,5,5.0,1.3585595521839893
conference,20,5,4.0,1.3212527781584862
2019,50,6,8.333333333333334,1.9309188832724107
distribution,14,6,2.3333333333333335,1.7654126876339178
this,578,19,30.42105263157895,7.908554424095652
paper,48,9,5.333333333333333,2.95934908707904
terms,39,11,3.5454545454545454,3.867548686938902
provides,30,10,3.0,3.464003547704593
some,113,15,7.533333333333333,5.382256306805878
sizes,123,16,7.6875,5.794343325392252
standard,82,11,7.454545454545454,3.7360780986845303
deviation,18,6,3.0,1.7443227637712917
larger,51,15,3.4,5.59328764021762
another,28,8,3.5,2.585504472457193
above,42,12,3.5,4.298737361553525
example,152,17,8.941176470588236,6.166045769155113
if,248,17,14.588235294117647,6.082458073275524
three,77,12,6.416666666666667,4.173731412206062
it,313,19,16.473684210526315,6.948395952590954
best,62,10,6.2,3.3536304218551196
allocate,17,6,2.8333333333333335,1.7486677593322508
first,69,15,4.6,5.521704254576864
second,61,14,4.357142857142857,5.108654800104905
since,71,13,5.461538461538462,4.629678735578337
higher,27,10,2.7,3.478721684976106
so,96,13,7.384615384615385,4.556521470962375
further,45,9,5.0,2.9665136463845956
reduces,13,9,1.4444444444444444,3.1125252569729787
not,369,16,23.0625,5.9530415836786315
such,146,16,9.125,5.743011197455608
as,598,19,31.473684210526315,8.028221716877129
sum,52,9,5.777777777777778,2.951610977710052
but,79,14,5.642857142857143,5.043495762449231
defined,17,6,2.8333333333333335,1.7486677593322508
selection,69,11,6.2727272727272725,3.7636614227466896
provided,34,8,4.25,2.5649546849368043
time,90,11,8.181818181818182,3.7245203015289112
been,58,12,4.833333333333333,4.234628007000348
systems,17,6,2.8333333333333335,1.7486677593322508
8,75,13,5.769230769230769,4.6163952190336275
14,46,13,3.5384615384615383,4.725839384232604
30,75,10,7.5,3.334278486172846
31,24,8,3.0,2.6031401720159586
problem,84,13,6.461538461538462,4.588688472979279
current,27,6,4.5,1.7337555192974885
methods,78,15,5.2,5.489006836861792
assume,25,11,2.272727272727273,3.934273541186202
available,73,16,4.5625,5.950410644176648
before,29,10,2.9,3.468829667952046
result,50,12,4.166666666666667,4.265250941343207
easily,14,7,2.0,2.2135290804982004
new,79,11,7.181818181818182,3.741481447589383
more,188,19,9.894736842105264,6.975272319512911
29,37,9,4.111111111111111,2.991250274641267
work,72,11,6.545454545454546,3.7563378105822904
dynamic,25,3,8.333333333333334,1.4543941556711901
manner,19,5,3.8,1.3177038226776527
study,222,17,13.058823529411764,6.083365117235496
there,115,15,7.666666666666667,5.377162802732268
allocates,7,1,7.0,1.3643281590068304
among,77,12,6.416666666666667,4.173731412206062
different,203,16,12.6875,5.674148576688634
minimizes,8,6,1.3333333333333333,1.8150128756359525
actual,15,5,3.0,1.316933120314868
while,61,12,5.083333333333333,4.22389554629836
these,150,16,9.375,5.735444248029973
steps,25,7,3.5714285714285716,2.1575882153083277
ple,11,6,1.8333333333333333,1.7875941634100148
done,31,10,3.1,3.4592578008400032
far,24,6,4.0,1.7315286670834846
do,50,14,3.5714285714285716,5.1532040353258335
them,34,10,3.4,3.4455060935456014
well,47,13,3.6153846153846154,4.7215678271127155
algorithms,63,6,10.5,2.1577778640883496
task,37,7,5.285714285714286,2.1431616926573387
maintaining,6,1,6.0,1.1154109190450063
stream,43,1,43.0,10.789380615720173
quality,21,3,7.0,1.1620097555575348
measured,14,4,3.5,0.9043754228817774
using,277,17,16.294117647058822,6.100600231421202
our,126,10,12.6,3.4048763205540977
uses,24,5,4.8,1.348555782610503
memory,54,2,27.0,6.16725534692533
practical,15,8,1.875,2.6539573180616016
upon,16,8,2.0,2.647568143136568
obtain,53,12,4.416666666666667,4.253428328123724
smallest,30,5,6.0,1.4262672619459456
possible,67,11,6.090909090909091,3.768860299802224
when,182,18,10.11111111111111,6.548842864841775
minibatch,33,1,33.0,8.159008638164078
multiple,34,9,3.7777777777777777,3.0026077422912807
seen,24,9,2.6666666666666665,3.0484473852543363
42,13,6,2.1666666666666665,1.7722115033939791
made,25,9,2.7777777777777777,3.043320581203494
respect,30,8,3.75,2.5778603789226726
improve,12,7,1.7142857142857142,2.227881070755732
increases,14,6,2.3333333333333335,1.7654126876339178
reduction,41,6,6.833333333333333,1.8182242714060823
based,165,17,9.705882352941176,6.1419564377639855
novel,11,6,1.8333333333333333,1.7875941634100148
desired,18,10,1.8,3.5271233491421827
target,26,5,5.2,1.3697841357504765
technique,48,8,6.0,2.5453181123448867
independent,28,10,2.8,3.473735826590056
interest,46,9,5.111111111111111,2.963996427172979
tasks,16,6,2.6666666666666665,1.7536346875965576
sliding,23,2,11.5,2.311069059168841
window,46,3,15.333333333333334,3.0587866895330187
most,49,12,4.083333333333333,4.2692814734120805
allowed,14,3,4.666666666666667,0.6960446875833781
allocations,50,4,12.5,2.322683287695695
known,64,14,4.571428571428571,5.097120756859237
36,12,7,1.7142857142857142,2.227881070755732
neyalloc,16,1,16.0,3.695272871609357
statistics,36,10,3.6,3.436746123477122
literature,25,6,4.166666666666667,1.7316307613026696
subset,18,5,3.6,1.3154926790036738
does,29,10,2.9,3.468829667952046
no,71,15,4.733333333333333,5.514257438778714
how,64,13,4.923076923076923,4.654339988723543
hence,32,10,3.2,3.4545927585971015
addition,23,6,3.8333333333333335,1.7320671502775518
evaluation,39,6,6.5,1.7990147321311438
detailed,20,7,2.857142857142857,2.1780916587770363
considering,13,8,1.625,2.6672787472915793
both,80,14,5.714285714285714,5.040163723812862
accuracy,132,8,16.5,3.1917077269196814
found,30,10,3.0,3.464003547704593
prior,19,4,4.75,0.9874103489474779
5,184,18,10.222222222222221,6.5458834753918325
100,130,12,10.833333333333334,4.096501759353994
b,215,13,16.53846153846154,4.547862183919053
range,29,5,5.8,1.4104754964035122
tion,31,8,3.875,2.5743349379150593
function,48,15,3.2,5.60600351533966
average,52,14,3.7142857142857144,5.144842752516166
c,276,16,17.25,5.710285110055603
related,22,10,2.2,3.504834378142861
reservoir,28,2,14.0,2.9329081486905686
considered,22,9,2.4444444444444446,3.0590559080741744
25,57,10,5.7,3.365075675621288
or,306,19,16.105263157894736,6.9412399553509
26,37,9,4.111111111111111,2.991250274641267
distributed,22,10,2.2,3.504834378142861
15,68,16,4.25,5.96923641865285
16,75,12,6.25,4.179341758304118
18,68,14,4.857142857142857,5.0821581957268895
40,48,11,4.363636363636363,3.830651073300935
online,23,6,3.8333333333333335,1.7320671502775518
weight,16,9,1.7777777777777777,3.0936757597367044
depends,22,9,2.4444444444444446,3.0590559080741744
even,40,11,3.6363636363636362,3.8632132103630585
after,60,12,5.0,4.2274271133056835
observed,33,5,6.6,1.4798272920723003
weighted,18,8,2.25,2.635339455942587
22,87,11,7.909090909090909,3.728366878935793
change,23,5,4.6,1.3398001733464862
35,36,7,5.142857142857143,2.142464414433525
et,169,8,21.125,3.763600468442534
al,68,9,7.555555555555555,2.9416426304215073
their,79,14,5.642857142857143,5.043495762449231
6,136,16,8.5,5.7637004740781
32,55,9,6.111111111111111,2.9471773064312545
machine,66,6,11.0,2.218852140183361
learning,149,7,21.285714285714285,3.7834851705841896
probability,41,8,5.125,2.5501296071667268
version,14,7,2.0,2.2135290804982004
weights,27,13,2.076923076923077,4.813470114367191
resulting,16,6,2.6666666666666665,1.7536346875965576
like,18,11,1.6363636363636365,3.9717422844832058
here,33,12,2.75,4.3397495914200865
assumed,12,6,2.0,1.7796078007700256
7,123,16,7.6875,5.794343325392252
2,763,20,38.15,9.472872362812838
being,37,11,3.3636363636363638,3.876394315539738
parts,14,5,2.8,1.3200996638193465
stratification,114,10,11.4,3.367524159346356
cation,18,7,2.5714285714285716,2.1886127100317236
applications,27,6,4.5,1.7337555192974885
usually,22,9,2.4444444444444446,3.0590559080741744
17,45,11,4.090909090909091,3.8424170089236585
works,24,7,3.4285714285714284,2.161018136855794
3,294,18,16.333333333333332,6.519706386062749
stratify,14,8,1.75,2.660527966493362
table,150,14,10.714285714285714,4.886263560282782
set,138,13,10.615384615384615,4.48834357827109
rows,46,3,15.333333333333334,3.0587866895330187
group,46,11,4.181818181818182,3.838435341683104
note,43,10,4.3,3.4086944676993607
performed,52,8,6.5,2.5470912895834688
budget,43,2,21.5,4.798800402013157
characteristics,59,6,9.833333333333334,2.081025506532241
once,13,6,2.1666666666666665,1.7722115033939791
final,24,6,4.0,1.7315286670834846
step,33,6,5.5,1.7553476245529538
assigned,14,6,2.3333333333333335,1.7654126876339178
uniformly,10,1,10.0,2.1318835993066867
pass,16,4,4.0,0.9285483174506097
determined,17,11,1.5454545454545454,3.9773120430218816
n,573,19,30.157894736842106,7.879509387969248
rstrata,9,1,9.0,1.8739755619519085
let,43,11,3.909090909090909,3.8505584836879634
without,39,14,2.7857142857142856,5.20123108951332
replacement,17,6,2.8333333333333335,1.7486677593322508
s1,44,3,14.666666666666666,2.9039902415946752
s2,64,8,8.0,2.572022238104344
sn,22,5,4.4,1.3323173322791781
denote,15,5,3.0,1.316933120314868
dom,17,4,4.25,0.9453141468208098
si,26,3,8.666666666666666,1.528797756427766
estimated,39,11,3.5454545454545454,3.867548686938902
shown,29,9,3.2222222222222223,3.0240102920092786
store,13,2,6.5,1.0682334471793369
question,22,9,2.4444444444444446,3.0590559080741744
split,124,8,15.5,3.084713994666865
minimize,35,7,5.0,2.142113183186786
follows,22,10,2.2,3.504834378142861
see,50,9,5.555555555555555,2.95521987907448
theorem,21,4,5.25,1.039731576275873
i,812,17,47.76470588235294,9.243209925625829
iσ2,10,1,10.0,2.1318835993066867
theory,37,7,5.285714285714286,2.1431616926573387
around,16,5,3.2,1.3151067363730369
types,27,12,2.25,4.369008882288475
including,16,9,1.7777777777777777,3.0936757597367044
across,24,9,2.6666666666666665,3.0484473852543363
section,70,10,7.0,3.339930936416989
studies,36,7,5.142857142857143,2.142464414433525
they,89,13,6.846153846153846,4.574616567108727
very,49,12,4.083333333333333,4.2692814734120805
volume,16,4,4.0,0.9285483174506097
true,30,9,3.3333333333333335,3.0194848219466026
especially,25,7,3.5714285714285716,2.1575882153083277
text,8,6,1.3333333333333333,1.8150128756359525
out,68,11,6.181818181818182,3.766229299622794
little,12,8,1.5,2.6742082962762694
say,21,8,2.625,2.6183895465988156
niσi,6,1,6.0,1.1154109190450063
bounded,18,2,9.0,1.6894074974933044
v,146,13,11.23076923076923,4.4833692231857185
general,27,8,3.375,2.589621373931668
whether,21,9,2.3333333333333335,3.0645363982331473
solution,55,9,6.111111111111111,2.9471773064312545
consists,18,11,1.6363636363636365,3.9717422844832058
achieved,43,8,5.375,2.5477284062115975
m,110,12,9.166666666666666,4.109231002714732
find,21,7,3.0,2.173323999807144
describe,16,4,4.0,0.9285483174506097
then,192,16,12.0,5.68085073314828
multielementssr,9,1,9.0,1.8739755619519085
now,59,10,5.9,3.3602332450890358
need,36,13,2.769230769230769,4.770444180279595
simple,113,16,7.0625,5.820758381497698
o,42,9,4.666666666666667,2.974835519693766
space,22,4,5.5,1.0692690726045957
constant,24,6,4.0,1.7315286670834846
end,14,6,2.3333333333333335,1.7654126876339178
rate,31,9,3.4444444444444446,3.0150813028256445
order,32,9,3.5555555555555554,3.0108002697333953
compared,41,9,4.555555555555555,2.977865020229023
clearly,16,6,2.6666666666666665,1.7536346875965576
either,20,11,1.8181818181818181,3.960764461235918
greater,24,9,2.6666666666666665,3.0484473852543363
proof,17,3,5.666666666666667,0.8842077194638219
construct,10,6,1.6666666666666667,1.7961627204265262
certain,32,10,3.2,3.4545927585971015
point,47,9,5.222222222222222,2.9616081366881333
single,33,10,3.3,3.4500087483580897
increasing,19,9,2.111111111111111,3.0758466960375985
value,134,16,8.375,5.768140351655108
will,143,17,8.411764705882353,6.1850100686233285
though,9,6,1.5,1.8053051819952584
limited,13,7,1.8571428571428572,2.220549668372045
total,171,17,10.058823529411764,6.132166328429346
least,11,6,1.8333333333333333,1.7875941634100148
next,18,9,2.0,3.0816752216258525
right,11,7,1.5714285714285714,2.235520229697045
thus,92,16,5.75,5.884116757478154
4,207,18,11.5,6.51816317702595
observe,20,6,3.3333333333333335,1.7375165661556542
fact,15,8,1.875,2.6539573180616016
n2,49,8,6.125,2.545452978912006
hand,16,6,2.6666666666666665,1.7536346875965576
know,23,9,2.5555555555555554,3.0536926974150895
whereas,15,8,1.875,2.6539573180616016
equally,9,6,1.5,1.8053051819952584
equal,67,13,5.153846153846154,4.643551659403844
equation,22,5,4.4,1.3323173322791781
up,25,10,2.5,3.488931128791239
factors,38,9,4.222222222222222,2.9877147086844595
always,15,6,2.5,1.7592182807292909
call,15,5,3.0,1.316933120314868
senate,17,1,17.0,3.9570952679550113
due,63,12,5.25,4.2169707488085795
resources,24,12,2.0,4.384202500891182
practice,16,8,2.0,2.647568143136568
good,24,12,2.0,4.384202500891182
properties,15,5,3.0,1.316933120314868
allocated,15,4,3.75,0.9148555446725114
making,11,8,1.375,2.6813152274307064
problems,26,10,2.6,3.483786900920807
variances,44,8,5.5,2.5468353700899584
previous,17,8,2.125,2.6413617586142877
approach,66,11,6.0,3.771554291182344
what,28,8,3.5,2.585504472457193
way,32,11,2.909090909090909,3.8995179600443097
reduce,26,11,2.3636363636363638,3.929140606066816
issue,22,6,3.6666666666666665,1.7332456138429237
decrease,27,3,9.0,1.6035795331900098
increase,59,12,4.916666666666667,4.231004639033489
simply,18,6,3.0,1.7443227637712917
according,42,10,4.2,3.4124510734897537
ones,9,7,1.2857142857142858,2.251709161942617
key,22,4,5.5,1.0692690726045957
drawn,54,10,5.4,3.372996349155757
keys,8,1,8.0,1.6177985932376384
strategy,38,6,6.333333333333333,1.790262339467854
instead,12,8,1.5,2.6742082962762694
until,12,7,1.7142857142857142,2.227881070755732
enough,22,9,2.4444444444444446,3.0590559080741744
variable,64,12,5.333333333333333,4.213577745675066
included,17,7,2.4285714285714284,2.19436137613984
di,34,8,4.25,2.5649546849368043
respectively,43,11,3.909090909090909,3.8505584836879634
0,123,14,8.785714285714286,4.926689594567507
sr,19,2,9.5,1.8137168446642986
e,119,14,8.5,4.934734604800614
d,64,12,5.333333333333333,4.213577745675066
independently,12,9,1.3333333333333333,3.1190320169440633
ni,56,7,8.0,2.2207576467795067
selected,318,14,22.714285714285715,5.180770418470365
process,42,12,3.5,4.298737361553525
vary,15,10,1.5,3.544640768269513
dev,38,6,6.333333333333333,1.790262339467854
assign,16,4,4.0,0.9285483174506097
sampled,22,6,3.6666666666666665,1.7332456138429237
βelements,8,1,8.0,1.6177985932376384
evicting,8,1,8.0,1.6177985932376384
9,54,13,4.153846153846154,4.69264456822564
10,101,16,6.3125,5.8556690308191355
11,116,16,7.25,5.81257650015209
amount,20,6,3.3333333333333335,1.7375165661556542
get,43,9,4.777777777777778,2.9719335437816876
takes,6,6,1.0,1.8360875757937958
special,9,6,1.5,1.8053051819952584
use,125,18,6.944444444444445,6.669350030669542
lemma,11,1,11.0,2.390962590857764
presents,21,5,4.2,1.3261288048258812
cost,156,12,13.0,4.1101115966876804
expected,22,9,2.4444444444444446,3.0590559080741744
low,16,7,2.2857142857142856,2.2004321166318164
still,22,9,2.4444444444444446,3.0590559080741744
because,64,13,4.923076923076923,4.654339988723543
necessary,16,7,2.2857142857142856,2.2004321166318164
reduced,12,6,2.0,1.7796078007700256
affect,7,6,1.1666666666666667,1.825276782848588
parameters,89,13,6.846153846153846,4.574616567108727
program,32,4,8.0,1.4511848556585465
subject,14,6,2.3333333333333335,1.7654126876339178
approaches,45,7,6.428571428571429,2.1611225081377246
application,15,7,2.142857142857143,2.206822273529007
items,15,8,1.875,2.6539573180616016
would,113,14,8.071428571428571,4.947783276123434
min,21,3,7.0,1.1620097555575348
required,31,10,3.1,3.4592578008400032
direct,8,6,1.3333333333333333,1.8150128756359525
implementation,6,6,1.0,1.8360875757937958
apply,16,6,2.6666666666666665,1.7536346875965576
overall,22,10,2.2,3.504834378142861
search,14,6,2.3333333333333335,1.7654126876339178
feasible,18,2,9.0,1.6894074974933044
ways,13,6,2.1666666666666665,1.7722115033939791
oversized,23,1,23.0,5.530933502877365
impact,26,5,5.2,1.3697841357504765
last,17,9,1.8888888888888888,3.08761846323912
l,214,11,19.454545454545453,4.066621312358844
consideration,16,7,2.2857142857142856,2.2004321166318164
output,19,5,3.8,1.3177038226776527
j,98,8,12.25,2.7921037027522986
remaining,14,5,2.8,1.3200996638193465
again,19,8,2.375,2.6295024999199064
statement,15,6,2.5,1.7592182807292909
context,19,5,3.8,1.3177038226776527
clear,16,8,2.0,2.647568143136568
corresponding,25,12,2.0833333333333335,4.379096566505573
20,98,12,8.166666666666666,4.126488740240285
24,33,11,3.0,3.8947786657050476
50,66,16,4.125,5.976925161641767
45,38,6,6.333333333333333,1.790262339467854
60,63,8,7.875,2.568833043541426
54,14,5,2.8,1.3200996638193465
formula,21,8,2.625,2.6183895465988156
minimizing,14,5,2.8,1.3200996638193465
therefore,61,13,4.6923076923076925,4.665454621109996
becomes,13,6,2.1666666666666665,1.7722115033939791
numbers,29,5,5.8,1.4104754964035122
q,76,5,15.2,2.815149798648054
x,114,12,9.5,4.105075619498473
y,299,13,23.0,4.8715671021350655
z,171,4,42.75,8.912742664036642
12,127,16,7.9375,5.784466999792566
exist,10,6,1.6666666666666667,1.7961627204265262
13,69,13,5.3076923076923075,4.636541846979512
procedure,75,12,6.25,4.179341758304118
w,133,11,12.090909090909092,3.734267380752845
similar,42,12,3.5,4.298737361553525
provide,33,11,3.0,3.8947786657050476
linear,8,6,1.3333333333333333,1.8150128756359525
21,48,11,4.363636363636363,3.830651073300935
require,12,7,1.7142857142857142,2.227881070755732
just,16,11,1.4545454545454546,3.9829353987485723
27,29,8,3.625,2.5815838422813266
43,25,9,2.7777777777777777,3.043320581203494
those,40,10,4.0,3.420216215590145
additional,23,8,2.875,2.6080324387991625
reason,20,7,2.857142857142857,2.1780916587770363
beyond,7,6,1.1666666666666667,1.825276782848588
give,17,8,2.125,2.6413617586142877
us,34,13,2.6153846153846154,4.779772323802206
selecting,38,8,4.75,2.5552645248761503
focus,9,6,1.5,1.8053051819952584
full,10,7,1.4285714285714286,2.2434640013974523
save,12,2,6.0,0.9441418324274715
whole,30,11,2.727272727272727,3.909166947308549
records,14,2,7.0,1.192392676912969
created,10,7,1.4285714285714286,2.2434640013974523
could,66,12,5.5,4.206931090325111
run,17,6,2.8333333333333335,1.7486677593322508
source,21,7,3.0,2.173323999807144
access,9,6,1.5,1.8053051819952584
evaluate,23,8,2.875,2.6080324387991625
samplers,12,1,12.0,2.650869234130247
estimates,73,11,6.636363636363637,3.754023691219162
80,53,7,7.571428571428571,2.2006127119759493
relative,51,10,5.1,3.381700490644964
fraction,13,9,1.4444444444444444,3.1125252569729787
150,14,5,2.8,1.3200996638193465
200,27,10,2.7,3.478721684976106
count,63,5,12.6,2.345263304420262
figure,157,8,19.625,3.5661660992317543
openaq,13,1,13.0,2.9113818776869285
dataset,189,10,18.9,3.787476976173942
asrs,14,1,14.0,3.1723512312917093
proportional,105,11,9.545454545454545,3.714125006690217
parameter,39,12,3.25,4.3120195774964545
implemented,14,5,2.8,1.3200996638193465
determine,21,9,2.3333333333333335,3.0645363982331473
between,87,11,7.909090909090909,3.728366878935793
37,17,7,2.4285714285714284,2.19436137613984
generate,29,7,4.142857142857143,2.147270580339907
type,41,11,3.727272727272727,3.858936221476977
stratifying,11,6,1.8333333333333333,1.7875941634100148
were,199,12,16.583333333333332,4.20614734553916
specified,16,6,2.6666666666666665,1.7536346875965576
five,9,6,1.5,1.8053051819952584
vector,15,4,3.75,0.9148555446725114
normalized,17,3,5.666666666666667,0.8842077194638219
discussion,12,6,2.0,1.7796078007700256
difference,18,8,2.25,2.635339455942587
less,41,13,3.1538461538461537,4.7477148053702924
comparison,44,11,4.0,3.8464581186426976
generally,19,10,1.9,3.521435983121933
fixed,66,8,8.25,2.5789979626412274
better,63,12,5.25,4.2169707488085795
nearly,7,6,1.1666666666666667,1.825276782848588
batch,14,3,4.666666666666667,0.6960446875833781
1k,16,2,8.0,1.4408440559517086
performance,171,8,21.375,3.7974387637658893
having,12,8,1.5,2.6742082962762694
sensitivity,33,6,5.5,1.7553476245529538
makes,13,7,1.8571428571428572,2.220549668372045
constructed,16,5,3.2,1.3151067363730369
evaluating,12,7,1.7142857142857142,2.227881070755732
knowledge,48,8,6.0,2.5453181123448867
four,27,10,2.7,3.478721684976106
month,13,2,6.5,1.0682334471793369
2016,27,6,4.5,1.7337555192974885
errors,28,5,5.6,1.3957747358065578
take,32,14,2.2857142857142856,5.233561005908837
place,8,7,1.1428571428571428,2.260252413031539
often,35,8,4.375,2.5622290566161117
quota,15,3,5.0,0.7558496648998655
123456789,11,1,11.0,2.390962590857764
2error,11,1,11.0,2.390962590857764
remains,8,6,1.3333333333333333,1.8150128756359525
termed,7,6,1.1666666666666667,1.825276782848588
described,20,9,2.2222222222222223,3.0701335398257665
report,29,6,4.833333333333333,1.7384320333809786
compare,37,11,3.3636363636363638,3.876394315539738
about,60,15,4.0,5.556477427175496
conclusions,10,6,1.6666666666666667,1.7961627204265262
presented,55,7,7.857142857142857,2.2137280148265654
several,27,10,2.7,3.478721684976106
research,67,9,7.444444444444445,2.941277022538783
references,10,9,1.1111111111111112,3.1323767660136443
proc,20,3,6.666666666666667,1.0907470137475161
sigmod,6,1,6.0,1.1154109190450063
heterogeneous,19,6,3.1666666666666665,1.7406043584312332
information,99,17,5.823529411764706,6.304016323595682
39,14,6,2.3333333333333335,1.7654126876339178
2014,24,5,4.8,1.348555782610503
wang,30,5,6.0,1.4262672619459456
models,141,8,17.625,3.320028937849916
areas,75,6,12.5,2.4176457162587077
2015,31,5,6.2,1.4431142168061473
ieee,15,5,3.0,1.316933120314868
28,35,8,4.375,2.5622290566161117
cochran,20,5,4.0,1.3212527781584862
techniques,38,9,4.222222222222222,2.9877147086844595
third,10,7,1.4285714285714286,2.2434640013974523
york,8,6,1.3333333333333333,1.8150128756359525
zhang,26,6,4.333333333333333,1.7323733196813733
59,21,7,3.0,2.173323999807144
19,38,12,3.1666666666666665,4.316533775799839
model,155,8,19.375,3.534262400117422
97,21,5,4.2,1.3261288048258812
23,39,9,4.333333333333333,2.9843050253505408
datasets,74,7,10.571428571428571,2.3971933002234644
journal,36,6,6.0,1.7745043504004983
estimating,15,9,1.6666666666666667,3.099846442507252
complex,15,7,2.142857142857143,2.206822273529007
clusters,9,6,1.5,1.8053051819952584
33,24,7,3.4285714285714284,2.161018136855794
design,91,8,11.375,2.7301695014100225
34,39,9,4.333333333333333,2.9843050253505408
drawing,13,6,2.1666666666666665,1.7722115033939791
series,13,7,1.8571428571428572,2.220549668372045
applied,75,8,9.375,2.620069341614901
aspects,17,7,2.4285714285714284,2.19436137613984
representative,28,8,3.5,2.585504472457193
38,40,7,5.714285714285714,2.147325601655372
p,152,15,10.133333333333333,5.303254045067517
optimum,107,8,13.375,2.8828772637783846
li,34,5,6.8,1.4996195003156039
scale,20,3,6.666666666666667,1.0907470137475161
chapter,70,7,10.0,2.3503064394132642
list,73,7,10.428571428571429,2.385091567303295
members,22,2,11.0,2.186717698930431
convenience,39,9,4.333333333333333,2.9843050253505408
summary,22,6,3.6666666666666665,1.7332456138429237
review,31,5,6.2,1.4431142168061473
individuals,30,3,10.0,1.8297291198653984
participants,19,1,19.0,4.481251962875712
participan,6,1,6.0,1.1154109190450063
ts,34,2,17.0,3.679222653644543
ran,17,4,4.25,0.9453141468208098
generalize,14,1,14.0,3.1723512312917093
findings,18,2,9.0,1.6894074974933044
th,38,9,4.222222222222222,2.9877147086844595
bias,16,6,2.6666666666666665,1.7536346875965576
groups,43,12,3.5833333333333335,4.294397196634228
stage,32,4,8.0,1.4511848556585465
effect,29,5,5.8,1.4104754964035122
g,49,7,7.0,2.1782346594930235
come,12,6,2.0,1.7796078007700256
few,13,8,1.625,2.6672787472915793
term,13,7,1.8571428571428572,2.220549668372045
states,11,2,5.5,0.820148524449224
people,34,8,4.25,2.5649546849368043
means,55,13,4.230769230769231,4.6886534447992245
boundary,20,3,6.666666666666667,1.0907470137475161
objects,30,3,10.0,1.8297291198653984
census,29,3,9.666666666666666,1.7540839077074695
examples,28,6,4.666666666666667,1.735775832111276
training,212,10,21.2,3.9931965610390856
studen,12,1,12.0,2.650869234130247
psychology,11,1,11.0,2.390962590857764
programs,16,2,8.0,1.4408440559517086
survey,101,10,10.1,3.341272811676667
95,29,6,4.833333333333333,1.7384320333809786
researchers,25,4,6.25,1.1693046801842086
differen,15,1,15.0,3.433673162565237
complete,18,5,3.6,1.3154926790036738
reported,20,5,4.0,1.3212527781584862
per,33,11,3.0,3.8947786657050476
written,9,7,1.2857142857142858,2.251709161942617
ed,71,6,11.833333333333334,2.3266235484071838
read,10,7,1.4285714285714286,2.2434640013974523
noted,14,4,3.5,0.9043754228817774
analyses,16,5,3.2,1.3151067363730369
had,21,4,5.25,1.039731576275873
differences,43,6,7.166666666666667,1.8396466026444436
chance,14,2,7.0,1.192392676912969
words,14,7,2.0,2.2135290804982004
rather,15,6,2.5,1.7592182807292909
students,45,2,22.5,5.047605493327547
particular,31,8,3.875,2.5743349379150593
taken,27,7,3.857142857142857,2.15174629860453
appropriate,18,9,2.0,3.0816752216258525
treated,13,6,2.1666666666666665,1.7722115033939791
calculate,9,8,1.125,2.6960555901887613
various,102,11,9.272727272727273,3.71502195562177
he,22,7,3.142857142857143,2.1688878575135835
extent,20,6,3.3333333333333335,1.7375165661556542
h,113,11,10.272727272727273,3.7146292694829506
nonprobability,8,1,8.0,1.6177985932376384
researcher,16,3,5.333333333333333,0.8187940790850259
generalizing,7,1,7.0,1.3643281590068304
precise,15,5,3.0,1.316933120314868
represen,12,1,12.0,2.650869234130247
test,118,6,19.666666666666668,3.5677969938772605
represent,22,4,5.5,1.0692690726045957
description,24,7,3.4285714285714284,2.161018136855794
later,6,6,1.0,1.8360875757937958
want,15,7,2.142857142857143,2.206822273529007
differ,17,6,2.8333333333333335,1.7486677593322508
college,15,2,7.5,1.3166003929015753
introductory,7,1,7.0,1.3643281590068304
should,74,12,6.166666666666667,4.182218324746567
you,70,9,7.777777777777778,2.942769449922186
explicit,17,4,4.25,0.9453141468208098
studied,14,5,2.8,1.3200996638193465
ces,6,1,6.0,1.1154109190450063
political,10,1,10.0,2.1318835993066867
con,28,5,5.6,1.3957747358065578
gen,6,1,6.0,1.1154109190450063
randomly,55,7,7.857142857142857,2.2137280148265654
cases,25,12,2.0833333333333335,4.379096566505573
too,14,9,1.5555555555555556,3.1061298357863727
avoid,12,6,2.0,1.7796078007700256
might,18,7,2.5714285714285716,2.1886127100317236
draw,25,7,3.5714285714285716,2.1575882153083277
your,13,2,6.5,1.0682334471793369
moreover,15,6,2.5,1.7592182807292909
lists,24,2,12.0,2.4354270258066424
sometimes,14,7,2.0,2.2135290804982004
limitations,16,6,2.6666666666666665,1.7536346875965576
sam,15,6,2.5,1.7592182807292909
region,41,5,8.2,1.6615823930896227
association,43,5,8.6,1.7143597915090987
election,10,1,10.0,2.1318835993066867
likely,23,6,3.8333333333333335,1.7320671502775518
polls,9,1,9.0,1.8739755619519085
poll,12,2,6.0,0.9441418324274715
landslide,260,2,130.0,31.7966156186993
discussed,23,6,3.8333333333333335,1.7320671502775518
systematic,37,6,6.166666666666667,1.7820895427854857
prediction,15,5,3.0,1.316933120314868
why,11,7,1.5714285714285714,2.235520229697045
who,28,4,7.0,1.2832733355075163
proportion,38,8,4.75,2.5552645248761503
potential,8,6,1.3333333333333333,1.8150128756359525
depending,11,9,1.2222222222222223,3.125649420367648
believe,6,1,6.0,1.1154109190450063
name,13,7,1.8571428571428572,2.220549668372045
during,21,5,4.2,1.3261288048258812
options,20,4,5.0,1.0123846600469644
include,21,7,3.0,2.173323999807144
computer,28,4,7.0,1.2832733355075163
individual,27,9,3.0,3.0334248870356704
columns,22,3,7.333333333333333,1.2341348448293237
common,22,9,2.4444444444444446,3.0590559080741744
column,72,5,14.4,2.667432575179617
ess,51,2,25.5,5.794034671832223
software,42,6,7.0,1.8286635101974036
mentioned,12,7,1.7142857142857142,2.227881070755732
menu,12,2,6.0,0.9441418324274715
perform,17,7,2.4285714285714284,2.19436137613984
finally,17,5,3.4,1.3146260975769537
characteristic,50,8,6.25,2.5457935272783883
suggest,7,6,1.1666666666666667,1.825276782848588
values,139,15,9.266666666666667,5.324783121947501
situations,21,5,4.2,1.3261288048258812
surveys,35,6,5.833333333333333,1.76751432734551
nature,17,7,2.4285714285714284,2.19436137613984
although,14,6,2.3333333333333335,1.7654126876339178
course,10,6,1.6666666666666667,1.7961627204265262
variability,32,9,3.5555555555555554,3.0108002697333953
participate,9,1,9.0,1.8739755619519085
effort,17,4,4.25,0.9453141468208098
form,15,9,1.6666666666666667,3.099846442507252
separate,14,7,2.0,2.2135290804982004
income,17,7,2.4285714285714284,2.19436137613984
faculty,19,3,6.333333333333333,1.0205272868407913
500,42,8,5.25,2.5488265735732543
se,22,7,3.142857142857143,2.1688878575135835
representation,20,10,2.0,3.515825121831944
assuming,14,5,2.8,1.3200996638193465
90,37,7,5.285714285714286,2.1431616926573387
view,19,7,2.7142857142857144,2.183188662520717
k,426,14,30.428571428571427,5.804300902536542
my,15,2,7.5,1.3166003929015753
below,19,8,2.375,2.6295024999199064
extreme,7,6,1.1666666666666667,1.825276782848588
human,23,6,3.8333333333333335,1.7320671502775518
taking,28,12,2.3333333333333335,4.364027419516276
choosing,7,6,1.1666666666666667,1.825276782848588
relevant,8,6,1.3333333333333333,1.8150128756359525
skills,20,2,10.0,1.938039884264855
assessment,24,4,6.0,1.1342187583647536
evaluated,23,5,4.6,1.3398001733464862
variables,80,9,8.88888888888889,2.956285696699022
ds,13,2,6.5,1.0682334471793369
support,16,5,3.2,1.3151067363730369
reasons,13,8,1.625,2.6672787472915793
goal,7,6,1.1666666666666667,1.825276782848588
national,17,5,3.4,1.3146260975769537
investigated,24,4,6.0,1.1342187583647536
age,22,6,3.6666666666666665,1.7332456138429237
level,21,8,2.625,2.6183895465988156
basis,14,8,1.75,2.660527966493362
tab,12,2,6.0,0.9441418324274715
together,10,7,1.4285714285714286,2.2434640013974523
ha,25,4,6.25,1.1693046801842086
article,21,4,5.25,1.039731576275873
details,14,5,2.8,1.3200996638193465
effective,11,8,1.375,2.6813152274307064
importance,24,6,4.0,1.7315286670834846
big,13,7,1.8571428571428572,2.220549668372045
able,11,7,1.5714285714285714,2.235520229697045
achieve,15,8,1.875,2.6539573180616016
conclusion,13,8,1.625,2.6672787472915793
associated,15,7,2.142857142857143,2.206822273529007
maximum,16,9,1.7777777777777777,3.0936757597367044
relatively,17,6,2.8333333333333335,1.7486677593322508
persons,9,6,1.5,1.8053051819952584
networks,37,7,5.285714285714286,2.1431616926573387
produce,13,9,1.4444444444444444,3.1125252569729787
help,19,10,1.9,3.521435983121933
slightly,15,5,3.0,1.316933120314868
unbiased,51,9,5.666666666666667,2.953350264404855
55,13,6,2.1666666666666665,1.7722115033939791
49,12,6,2.0,1.7796078007700256
52,19,5,3.8,1.3177038226776527
situation,19,8,2.375,2.6295024999199064
formed,9,6,1.5,1.8053051819952584
trained,17,5,3.4,1.3146260975769537
public,14,4,3.5,0.9043754228817774
peer,13,2,6.5,1.0682334471793369
degree,17,8,2.125,2.6413617586142877
understanding,31,6,5.166666666666667,1.7456397954508032
keywords,6,6,1.0,1.8360875757937958
shalabh,26,1,26.0,6.318944313873694
iit,26,1,26.0,6.318944313873694
kanpur,26,1,26.0,6.318944313873694
page,28,3,9.333333333333334,1.6786889460744265
objective,21,6,3.5,1.7350627537461902
estimator,81,8,10.125,2.6559827627304364
homogeneous,35,10,3.5,3.441085113520021
precision,101,13,7.769230769230769,4.544754328769028
heterogeneity,10,6,1.6666666666666667,1.7961627204265262
divide,15,7,2.142857142857143,2.206822273529007
units,145,10,14.5,3.488722762871762
class,36,6,6.0,1.7745043504004983
ith,25,3,8.333333333333334,1.4543941556711901
inn,13,2,6.5,1.0682334471793369
nk,18,4,4.5,0.9649928718056053
non,15,8,1.875,2.6539573180616016
cluster,16,3,5.333333333333333,0.8187940790850259
estimators,22,7,3.142857142857143,2.1688878575135835
unit,63,11,5.7272727272727275,3.7800128499785712
ij,33,4,8.25,1.495380591522419
kk,21,1,21.0,5.005912501496326
expression,25,5,5.0,1.3585595521839893
ii,222,10,22.2,4.091574712304637
iy,8,1,8.0,1.6177985932376384
yn,23,4,5.75,1.1008208285952574
st,86,6,14.333333333333334,2.6861855089492934
sty,37,3,12.333333333333334,2.3642257225777707
var,99,5,19.8,3.6989165754387794
srswor,15,5,3.0,1.316933120314868
nnvar,8,1,8.0,1.6177985932376384
snn,14,2,7.0,1.192392676912969
variation,20,7,2.857142857142857,2.1780916587770363
tend,8,6,1.3333333333333333,1.8150128756359525
investigation,9,6,1.5,1.8053051819952584
administrative,15,7,2.142857142857143,2.206822273529007
villages,18,3,6.0,0.9515815033791849
gain,24,6,4.0,1.7315286670834846
efficiency,15,6,2.5,1.7592182807292909
choice,22,9,2.4444444444444446,3.0590559080741744
effectively,6,6,1.0,1.8360875757937958
ns,33,5,6.6,1.4798272920723003
etc,21,8,2.625,2.6183895465988156
minimum,20,10,2.0,3.515825121831944
pre,29,3,9.666666666666666,1.7540839077074695
substituting,21,7,3.0,2.173323999807144
1ii,14,2,7.0,1.192392676912969
cc,8,6,1.3333333333333333,1.8150128756359525
1111,18,3,6.0,0.9515815033791849
prop,15,2,7.5,1.3166003929015753
nn,69,7,9.857142857142858,2.3392306448588056
1i,19,4,4.75,0.9874103489474779
combining,7,6,1.1666666666666667,1.825276782848588
intervals,15,5,3.0,1.316933120314868
similarly,12,6,2.0,1.7796078007700256
ik,30,3,10.0,1.8297291198653984
advantage,22,3,7.333333333333333,1.2341348448293237
gives,29,9,3.2222222222222223,3.0240102920092786
iii,33,9,3.6666666666666665,3.0066422458782163
interpenetrating,7,1,7.0,1.3643281590068304
ˆ,31,4,7.75,1.4077952284335844
tot,12,1,12.0,2.650869234130247
post,20,3,6.666666666666667,1.0907470137475161
field,12,6,2.0,1.7796078007700256
ratio,84,9,9.333333333333334,2.965342402423789
nv,19,2,9.5,1.8137168446642986
objectives,12,6,2.0,1.7796078007700256
contd,21,1,21.0,5.005912501496326
sub,14,6,2.3333333333333335,1.7654126876339178
auxiliary,14,6,2.3333333333333335,1.7654126876339178
completely,8,6,1.3333333333333333,1.8150128756359525
designs,34,5,6.8,1.4996195003156039
resolution,18,3,6.0,0.9515815033791849
square,14,7,2.0,2.2135290804982004
area,192,7,27.428571428571427,4.7948498283486645
block,17,3,5.666666666666667,0.8842077194638219
020,6,1,6.0,1.1154109190450063
050,6,1,6.0,1.1154109190450063
µ,7,1,7.0,1.3643281590068304
ci,25,6,4.166666666666667,1.7316307613026696
f,54,9,6.0,2.9485242935034583
57,31,6,5.166666666666667,1.7456397954508032
70,45,7,6.428571428571429,2.1611225081377246
122,9,6,1.5,1.8053051819952584
gains,14,3,4.666666666666667,0.6960446875833781
46,25,6,4.166666666666667,1.7316307613026696
strati,43,4,10.75,1.969282748114754
vegetation,14,3,4.666666666666667,0.6960446875833781
nh,137,3,45.666666666666664,10.165401041943896
btstr,10,1,10.0,2.1318835993066867
cyustr,10,1,10.0,2.1318835993066867
bv,9,1,9.0,1.8739755619519085
pages,26,3,8.666666666666666,1.528797756427766
5a,15,2,7.5,1.3166003929015753
5b,16,3,5.333333333333333,0.8187940790850259
erent,19,5,3.8,1.3177038226776527
66,53,4,13.25,2.4774060592140565
65,11,6,1.8333333333333333,1.7875941634100148
upper,20,3,6.666666666666667,1.0907470137475161
79,22,6,3.6666666666666665,1.7332456138429237
generated,23,8,2.875,2.6080324387991625
code,151,6,25.166666666666668,4.560106025085268
44,46,6,7.666666666666667,1.8757611068793314
58,31,5,6.2,1.4431142168061473
degf,6,1,6.0,1.1154109190450063
alpha,12,1,12.0,2.650869234130247
df,16,1,16.0,3.695272871609357
surveymeans,7,1,7.0,1.3643281590068304
contains,24,5,4.8,1.348555782610503
index,38,4,9.5,1.7262457751725881
positive,32,8,4.0,2.571008333860546
xed,11,2,5.5,0.820148524449224
rounded,11,2,5.5,0.820148524449224
neural,60,6,10.0,2.099684193342199
splits,40,4,10.0,1.822267230194039
image,50,4,12.5,2.322683287695695
images,65,3,21.666666666666668,4.536033083631088
validation,24,6,4.0,1.7315286670834846
original,34,6,5.666666666666667,1.7611265604292758
network,41,6,6.833333333333333,1.8182242714060823
train,47,5,9.4,1.8269905173921086
reserved,25,2,12.5,2.5597906360015275
overﬁtting,23,5,4.6,1.3398001733464862
binary,30,5,6.0,1.4262672619459456
classiﬁcation,155,4,38.75,8.02862549107585
molecules,29,2,14.5,3.057287737879243
ratios,60,3,20.0,4.14646343091222
multiclass,32,2,16.0,3.4304423657714738
2021,75,4,18.75,3.6444697073551025
https,20,6,3.3333333333333335,1.7375165661556542
2020,132,5,26.4,5.021532560216986
february,6,1,6.0,1.1154109190450063
authors,28,6,4.666666666666667,1.735775832111276
open,21,6,3.5,1.7350627537461902
natural,45,5,9.0,1.7695693248023756
ﬁve,13,2,6.5,1.0682334471793369
settings,20,3,6.666666666666667,1.0907470137475161
calculated,32,5,6.4,1.4609798584177802
factorial,6,1,6.0,1.1154109190450063
anova,16,1,16.0,3.695272871609357
xgboost,17,2,8.5,1.5651151053210237
modeling,29,3,9.666666666666666,1.7540839077074695
signiﬁcant,25,4,6.25,1.1693046801842086
imbalanced,25,3,8.333333333333334,1.4543941556711901
qsar,9,1,9.0,1.8739755619519085
compounds,7,1,7.0,1.3643281590068304
metrics,19,4,4.75,0.9874103489474779
score,60,5,12.0,2.241812820404618
balanced,13,2,6.5,1.0682334471793369
kappa,13,2,6.5,1.0682334471793369
mcc,6,1,6.0,1.1154109190450063
f1,63,5,12.6,2.345263304420262
classiﬁer,23,2,11.5,2.311069059168841
development,25,4,6.25,1.1693046801842086
measure,18,4,4.5,0.9649928718056053
propose,15,4,3.75,0.9148555446725114
ensemble,15,3,5.0,0.7558496648998655
toxicity,7,1,7.0,1.3643281590068304
predictive,11,2,5.5,0.820148524449224
auc,6,1,6.0,1.1154109190450063
geometric,15,3,5.0,0.7558496648998655
naïve,13,1,13.0,2.9113818776869285
bayes,16,1,16.0,3.695272871609357
nb,17,1,17.0,3.9570952679550113
measures,17,5,3.4,1.3146260975769537
confusion,19,3,6.333333333333333,1.0205272868407913
matrix,20,5,4.0,1.3212527781584862
deep,36,6,6.0,1.7745043504004983
rf,24,2,12.0,2.4354270258066424
chen,29,5,5.8,1.4104754964035122
decision,17,5,3.4,1.3146260975769537
tree,14,3,4.666666666666667,0.6960446875833781
variant,16,3,5.333333333333333,0.8187940790850259
strategies,26,6,4.333333333333333,1.7323733196813733
additionally,18,2,9.0,1.6894074974933044
combination,16,4,4.0,0.9285483174506097
structure,28,4,7.0,1.2832733355075163
matrices,11,2,5.5,0.820148524449224
ml,19,3,6.333333333333333,1.0205272868407913
iv,16,4,4.0,0.9285483174506097
pp,31,4,7.75,1.4077952284335844
ﬁrst,24,4,6.0,1.1342187583647536
descriptors,8,1,8.0,1.6177985932376384
carried,25,5,5.0,1.3585595521839893
circles,8,1,8.0,1.6177985932376384
tnr,6,1,6.0,1.1154109190450063
npv,6,1,6.0,1.1154109190450063
enrichment,8,1,8.0,1.6177985932376384
bigger,9,1,9.0,1.8739755619519085
performances,11,2,5.5,0.820148524449224
srd,17,1,17.0,3.9570952679550113
classiﬁed,14,2,7.0,1.192392676912969
highly,15,5,3.0,1.316933120314868
reference,16,6,2.6666666666666665,1.7536346875965576
comparing,21,8,2.625,2.6183895465988156
benchmark,16,5,3.2,1.3151067363730369
forest,37,3,12.333333333333334,2.3642257225777707
feature,19,4,4.75,0.9874103489474779
codes,34,3,11.333333333333334,2.1342790425097657
numerical,16,3,5.333333333333333,0.8187940790850259
seed,21,2,10.5,2.0623741400952267
splitting,24,5,4.8,1.348555782610503
randomization,30,2,15.0,3.1816701771346287
main,23,7,3.2857142857142856,2.164785269958782
sci,14,2,7.0,1.192392676912969
crossref,123,2,61.5,14.751714039607112
2017,24,4,6.0,1.1342187583647536
res,14,5,2.8,1.3200996638193465
environ,11,2,5.5,0.820148524449224
pubmed,7,1,7.0,1.3643281590068304
2018,29,5,5.8,1.4104754964035122
graph,24,3,8.0,1.380429882044617
int,47,5,9.4,1.8269905173921086
liu,19,3,6.333333333333333,1.0205272868407913
science,27,6,4.5,1.7337555192974885
van,19,3,6.333333333333333,1.0205272868407913
2010,17,4,4.25,0.9453141468208098
nat,11,2,5.5,0.820148524449224
automatic,33,4,8.25,1.495380591522419
detection,137,4,34.25,7.035490115507794
sensing,15,2,7.5,1.3166003929015753
user,16,4,4.0,0.9285483174506097
supervised,21,2,10.5,2.0623741400952267
borkowski,8,1,8.0,1.6177985932376384
poland,17,1,17.0,3.9570952679550113
remote,74,2,37.0,8.655453646876015
rs,16,2,8.0,1.4408440559517086
satellite,15,1,15.0,3.433673162565237
lidar,29,1,29.0,7.107360232295761
testing,100,3,33.333333333333336,7.269925696910649
ground,15,1,15.0,3.433673162565237
landslides,102,1,102.0,26.318400273251775
pba,55,1,55.0,13.94702911582465
obia,92,1,92.0,23.6859557327459
ected,6,1,6.0,1.1154109190450063
zn,17,2,8.5,1.5651151053210237
ów,16,1,16.0,3.695272871609357
lake,23,1,23.0,5.530933502877365
quantity,17,2,8.5,1.5651151053210237
intersection,6,1,6.0,1.1154109190450063
ﬁltering,8,1,8.0,1.6177985932376384
elongated,7,1,7.0,1.3643281590068304
oa,37,1,37.0,9.210991962577648
mapping,55,1,55.0,13.94702911582465
terrain,19,1,19.0,4.481251962875712
ective,7,1,7.0,1.3643281590068304
introduced,11,6,1.8333333333333333,1.7875941634100148
sens,88,1,88.0,22.633000104826543
3054,32,1,32.0,7.896059910018351
inﬂuence,15,2,7.5,1.3166003929015753
tune,23,2,11.5,2.311069059168841
assessed,7,1,7.0,1.3643281590068304
growing,27,1,27.0,6.581711795782485
water,6,1,6.0,1.1154109190450063
dunajec,6,1,6.0,1.1154109190450063
river,14,1,14.0,3.1723512312917093
investigations,6,1,6.0,1.1154109190450063
land,28,2,14.0,2.9329081486905686
ro,13,1,13.0,2.9113818776869285
optical,14,1,14.0,3.1723512312917093
opportunities,6,1,6.0,1.1154109190450063
subsequently,6,1,6.0,1.1154109190450063
visible,6,1,6.0,1.1154109190450063
cover,21,5,4.2,1.3261288048258812
laser,11,1,11.0,2.390962590857764
dem,55,1,55.0,13.94702911582465
commonly,8,6,1.3333333333333333,1.8150128756359525
utilized,24,2,12.0,2.4354270258066424
extraction,15,2,7.5,1.3166003929015753
roughness,11,1,11.0,2.390962590857764
topographic,14,1,14.0,3.1723512312917093
airborne,10,1,10.0,2.1318835993066867
mountains,9,1,9.0,1.8739755619519085
mountain,6,1,6.0,1.1154109190450063
slope,17,1,17.0,3.9570952679550113
china,12,2,6.0,0.9441418324274715
pawluszek,8,1,8.0,1.6177985932376384
derivatives,7,1,7.0,1.3643281590068304
carpathians,7,1,7.0,1.3643281590068304
tarolli,8,1,8.0,1.6177985932376384
proposed,44,7,6.285714285714286,2.1576827967964802
geomorphological,9,1,9.0,1.8739755619519085
extracted,6,1,6.0,1.1154109190450063
spectral,8,1,8.0,1.6177985932376384
pixels,15,1,15.0,3.433673162565237
map,30,1,30.0,7.370233093979498
manual,12,1,12.0,2.650869234130247
object,11,1,11.0,2.390962590857764
tested,6,1,6.0,1.1154109190450063
forested,7,1,7.0,1.3643281590068304
polish,14,1,14.0,3.1723512312917093
nodes,34,2,17.0,3.679222653644543
72,16,3,5.333333333333333,0.8187940790850259
mapped,7,1,7.0,1.3643281590068304
morphology,13,1,13.0,2.9113818776869285
inventory,21,1,21.0,5.005912501496326
identiﬁcation,10,1,10.0,2.1318835993066867
siccm,6,1,6.0,1.1154109190450063
geological,18,1,18.0,4.21909889424038
km2,12,1,12.0,2.650869234130247
mm,14,2,7.0,1.192392676912969
smoothed,11,2,5.5,0.820148524449224
false,30,4,7.5,1.3652885677485538
acquired,13,1,13.0,2.9113818776869285
sopo,10,1,10.0,2.1318835993066867
appendix,19,3,6.333333333333333,1.0205272868407913
ndvi,15,1,15.0,3.433673162565237
clc,6,1,6.0,1.1154109190450063
covered,14,2,7.0,1.192392676912969
foothills,10,1,10.0,2.1318835993066867
wielickie,6,1,6.0,1.1154109190450063
92,17,3,5.666666666666667,0.8842077194638219
73,19,5,3.8,1.3177038226776527
explanation,7,1,7.0,1.3643281590068304
sandstones,11,1,11.0,2.390962590857764
shales,8,1,8.0,1.6177985932376384
sandstone,25,1,25.0,6.056221220911572
layers,35,6,5.833333333333333,1.76751432734551
shale,18,1,18.0,4.21909889424038
spotted,6,1,6.0,1.1154109190450063
susceptibility,13,1,13.0,2.9113818776869285
cloud,15,1,15.0,3.433673162565237
78,17,4,4.25,0.9453141468208098
2011,12,2,6.0,0.9441418324274715
raster,6,1,6.0,1.1154109190450063
format,27,3,9.0,1.6035795331900098
geology,7,1,7.0,1.3643281590068304
overview,11,2,5.5,0.820148524449224
layer,17,3,5.666666666666667,0.8842077194638219
classification,65,2,32.5,7.535754406317399
relevance,8,1,8.0,1.6177985932376384
surface,7,1,7.0,1.3643281590068304
ﬁnal,19,3,6.333333333333333,1.0205272868407913
reﬁnement,9,1,9.0,1.8739755619519085
hillshade,10,1,10.0,2.1318835993066867
segmented,7,1,7.0,1.3643281590068304
segmentation,21,1,21.0,5.005912501496326
tuning,11,2,5.5,0.820148524449224
99,26,4,6.5,1.2059312693896704
classifier,12,2,6.0,0.9441418324274715
ttr,16,1,16.0,3.695272871609357
ta,31,5,6.2,1.4431142168061473
pod,24,1,24.0,5.793548555685986
pofd,22,1,22.0,5.268384677972932
proportionally,6,1,6.0,1.1154109190450063
superimposed,9,1,9.0,1.8739755619519085
positives,8,1,8.0,1.6177985932376384
commune,8,1,8.0,1.6177985932376384
łososina,7,1,7.0,1.3643281590068304
papers,18,2,9.0,1.6894074974933044
earth,10,1,10.0,2.1318835993066867
sands,14,1,14.0,3.1723512312917093
clays,11,1,11.0,2.390962590857764
terraces,7,1,7.0,1.3643281590068304
riverbank,7,1,7.0,1.3643281590068304
storage,12,2,6.0,0.9441418324274715
tertiary,7,1,7.0,1.3643281590068304
marl,8,1,8.0,1.6177985932376384
nappe,6,1,6.0,1.1154109190450063
51,20,5,4.0,1.3212527781584862
geomorphology,11,1,11.0,2.390962590857764
casagli,7,1,7.0,1.3643281590068304
isprs,8,1,8.0,1.6177985932376384
photogramm,9,1,9.0,1.8739755619519085
pradhan,6,1,6.0,1.1154109190450063
architecture,16,3,5.333333333333333,0.8187940790850259
hazards,11,1,11.0,2.390962590857764
multivariate,26,2,13.0,2.6841591053144933
chan,17,2,8.5,1.5651151053210237
plos,11,2,5.5,0.820148524449224
ncss,51,1,51.0,12.89438742131821
llc,24,1,24.0,5.793548555685986
rights,24,1,24.0,5.793548555685986
row,32,2,16.0,3.4304423657714738
48,18,4,4.5,0.9649928718056053
84,11,2,5.5,0.820148524449224
98,29,4,7.25,1.3237499346048345
61,18,4,4.5,0.9649928718056053
88,15,4,3.75,0.9148555446725114
collapsed,19,2,9.5,1.8137168446642986
twice,6,1,6.0,1.1154109190450063
yes,7,1,7.0,1.3643281590068304
resale,6,1,6.0,1.1154109190450063
file,34,3,11.333333333333334,2.1342790425097657
setup,17,2,8.5,1.5651151053210237
click,14,1,14.0,3.1723512312917093
nev,94,2,47.0,11.143706622673262
vir,84,1,84.0,21.580059939851306
checked,13,1,13.0,2.9113818776869285
unchecked,7,1,7.0,1.3643281590068304
rand,18,3,6.0,0.9515815033791849
nl,49,2,24.5,5.545222940178922
lx,14,2,7.0,1.192392676912969
sydu,16,1,16.0,3.695272871609357
stat3014,16,1,16.0,3.695272871609357
semester,16,1,16.0,3.695272871609357
nlp,25,3,8.333333333333334,1.4543941556711901
nlx,16,1,16.0,3.695272871609357
ls2,9,1,9.0,1.8739755619519085
byst,11,1,11.0,2.390962590857764
196,6,1,6.0,1.1154109190450063
enrollment,6,1,6.0,1.1154109190450063
z2,6,1,6.0,1.1154109190450063
n0,7,1,7.0,1.3643281590068304
ijacsa,9,1,9.0,1.8739755619519085
advanced,13,1,13.0,2.9113818776869285
vol,18,3,6.0,0.9515815033791849
2024,9,1,9.0,1.8739755619519085
mobilenetv2,20,1,20.0,4.743529696951736
resnet50v2,17,1,17.0,3.9570952679550113
vgg19,24,1,24.0,5.793548555685986
specificity,23,1,23.0,5.530933502877365
classifiers,6,1,6.0,1.1154109190450063
transfer,36,2,18.0,3.928009501859959
covid,6,1,6.0,1.1154109190450063
vgg,7,1,7.0,1.3643281590068304
vgg16,7,1,7.0,1.3643281590068304
computational,35,4,8.75,1.5859196115412086
disease,11,1,11.0,2.390962590857764
strawberry,8,1,8.0,1.6177985932376384
leaf,14,2,7.0,1.192392676912969
fig,33,1,33.0,8.159008638164078
dataset1,6,1,6.0,1.1154109190450063
dataset2,7,1,7.0,1.3643281590068304
dataset3,9,1,9.0,1.8739755619519085
experimentation,9,1,9.0,1.8739755619519085
resul,6,1,6.0,1.1154109190450063
2022,11,1,11.0,2.390962590857764
khan,21,2,10.5,2.0623741400952267
2023,7,1,7.0,1.3643281590068304
1j2,6,1,6.0,1.1154109190450063
i2,22,1,22.0,5.268384677972932
1iii,15,1,15.0,3.433673162565237
swn1,10,1,10.0,2.1318835993066867
n1x,11,1,11.0,2.390962590857764
1i2,26,1,26.0,6.318944313873694
propst,7,1,7.0,1.3643281590068304
wh,18,3,6.0,0.9515815033791849
language,38,3,12.666666666666666,2.4410935495587953
picking,10,1,10.0,2.1318835993066867
hyperparameters,9,1,9.0,1.8739755619519085
counted,6,1,6.0,1.1154109190450063
setups,13,1,13.0,2.9113818776869285
universal,6,1,6.0,1.1154109190450063
uuparser,10,1,10.0,2.1318835993066867
machamp,8,1,8.0,1.6177985932376384
external,28,2,14.0,2.9329081486905686
maria,6,1,6.0,1.1154109190450063
linguistics,28,2,14.0,2.9329081486905686
raw,11,2,5.5,0.820148524449224
ahmad,12,2,6.0,0.9441418324274715
lynn,16,2,8.0,1.4408440559517086
behaviors,11,1,11.0,2.390962590857764
humans,7,1,7.0,1.3643281590068304
pgnn,7,1,7.0,1.3643281590068304
ast,30,1,30.0,7.370233093979498
comprehension,9,1,9.0,1.8739755619519085
clone,20,1,20.0,4.743529696951736
programming,38,2,19.0,4.176801738137995
allamanis,9,1,9.0,1.8739755619519085
summarization,21,1,21.0,5.005912501496326
api,13,1,13.0,2.9113818776869285
edges,22,1,22.0,5.268384677972932
oov,8,1,8.0,1.6177985932376384
gnn,10,1,10.0,2.1318835993066867
embedding,14,1,14.0,3.1723512312917093
subgraphs,6,1,6.0,1.1154109190450063
subgraph,22,1,22.0,5.268384677972932
feng,8,1,8.0,1.6177985932376384
codexglue,11,1,11.0,2.390962590857764
functionalities,10,1,10.0,2.1318835993066867
subtoken,11,1,11.0,2.390962590857764
getlarger,6,1,6.0,1.1154109190450063
alon,7,1,7.0,1.3643281590068304
edge,8,1,8.0,1.6177985932376384
node,13,1,13.0,2.9113818776869285
plbart,11,1,11.0,2.390962590857764
codebert,11,1,11.0,2.390962590857764
vocabulary,10,1,10.0,2.1318835993066867
memberreference,8,1,8.0,1.6177985932376384
csn,10,1,10.0,2.1318835993066867
tlc,12,1,12.0,2.650869234130247
bcb,20,1,20.0,4.743529696951736
corr,6,1,6.0,1.1154109190450063
disadvantage,12,1,12.0,2.650869234130247
implicitly,15,1,15.0,3.433673162565237
iss,53,1,53.0,13.420699003888648
simulation,6,1,6.0,1.1154109190450063
modest,9,1,9.0,1.8739755619519085
proportionate,6,1,6.0,1.1154109190450063
madow,8,1,8.0,1.6177985932376384
wolter,8,1,8.0,1.6177985932376384
hy,19,2,9.5,1.8137168446642986
eleven,13,1,13.0,2.9113818776869285
integer,25,2,12.5,2.5597906360015275
arthritis,9,1,9.0,1.8739755619519085
dissertation,11,1,11.0,2.390962590857764
ahsan,10,1,10.0,2.1318835993066867
compromise,48,1,48.0,12.104960077002355
nfj,13,1,13.0,2.9113818776869285
cq,7,1,7.0,1.3643281590068304
whsh,8,1,8.0,1.6177985932376384
sukhatme,8,1,8.0,1.6177985932376384
1967,6,1,6.0,1.1154109190450063
chatterjee,10,1,10.0,2.1318835993066867
nlpp,19,1,19.0,4.481251962875712
off,10,1,10.0,2.1318835993066867
rounding,6,1,6.0,1.1154109190450063
integers,8,1,8.0,1.6177985932376384
ck,7,1,7.0,1.3643281590068304
fl,7,1,7.0,1.3643281590068304
nres,14,1,14.0,3.1723512312917093
float,16,1,16.0,3.695272871609357
flk,8,1,8.0,1.6177985932376384
hth,7,1,7.0,1.3643281590068304
yhi,6,1,6.0,1.1154109190450063
sh2,27,1,27.0,6.581711795782485
nh2,6,1,6.0,1.1154109190450063
corollary,6,1,6.0,1.1154109190450063
h2,6,1,6.0,1.1154109190450063
nhsh2,11,1,11.0,2.390962590857764
opty,9,1,9.0,1.8739755619519085
nhsh,17,1,17.0,3.9570952679550113
propy,8,1,8.0,1.6177985932376384
rany,14,1,14.0,3.1723512312917093
kzn,76,1,76.0,19.47423603137285
ykyy,16,1,16.0,3.695272871609357
yy,7,1,7.0,1.3643281590068304
ykmstzo,8,1,8.0,1.6177985932376384
mwtztmkw,26,1,26.0,6.318944313873694
wsv,10,1,10.0,2.1318835993066867
vuk,10,1,10.0,2.1318835993066867
22n,30,1,30.0,7.370233093979498
t1,35,1,35.0,8.684966041083632
r243146,10,1,10.0,2.1318835993066867
42u,16,1,16.0,3.695272871609357
zo135,11,1,11.0,2.390962590857764
zkw,16,1,16.0,3.695272871609357
jio,13,1,13.0,2.9113818776869285
qjio,6,1,6.0,1.1154109190450063
ð,17,1,17.0,3.9570952679550113
ytm,9,1,9.0,1.8739755619519085
ðstms,6,1,6.0,1.1154109190450063
ðon,6,1,6.0,1.1154109190450063
z1,8,1,8.0,1.6177985932376384
534,10,1,10.0,2.1318835993066867
kzmo,9,1,9.0,1.8739755619519085
zo,9,1,9.0,1.8739755619519085
zwþ,8,1,8.0,1.6177985932376384
zknt,6,1,6.0,1.1154109190450063
ywþ,6,1,6.0,1.1154109190450063
io,8,1,8.0,1.6177985932376384
sowwoþ,6,1,6.0,1.1154109190450063
w1,20,1,20.0,4.743529696951736
wtoj,16,1,16.0,3.695272871609357
μ,7,1,7.0,1.3643281590068304
ˆr,8,1,8.0,1.6177985932376384
