sample_id,degree,train_error,test_error,train_r2,test_r2,error_difference
0,1,264732.9471954756,1689013.4428885498,0.8203215471131402,0.4329233235394133,-1424280.495693074
0,2,137491.5651076539,961064.5025264001,0.9066822926075202,0.6773280483636269,-823572.9374187463
0,3,7936.753765206803,2863663.1999188843,0.9946131992538755,0.03854133503208346,-2855726.4461536775
0,4,6365.76708509612,2409041.895362236,0.9956794528470851,0.19117785756636363,-2402676.1282771397
0,5,5726.3229123145275,207786.2291450124,0.9961134537558881,0.930236952977522,-202059.90623269786
0,6,5714.8709075618335,557954.6692302437,0.9961212264132706,0.8126698868058503,-552239.7983226818
0,7,5648.938141005843,102335842.92306818,0.9961659760283632,-33.35867839415144,-102330193.98492718
0,8,5648.064667751662,24036528.50501709,0.996166568868524,-7.0701280121040835,-24030880.44034934
0,9,5624.5514290220735,92653715295.75433,0.9961825276768326,-31106.958999891027,-92653709671.20291
0,10,5430.3050181927765,41353741974428.13,0.996314365798783,-13884283.140428107,-41353741968997.83
1,1,3966542.016910168,2221915.9930011225,0.42742094320842106,0.25400431714098437,1744626.0239090454
1,2,1257515.474173481,1045723.5746416819,0.8184748778574772,0.6489042454332798,211791.89953179925
1,3,570156.201152487,1024976.1654126575,0.9176966994203015,0.6558700703178004,-454819.9642601706
1,4,562534.2574898067,982535.6509717247,0.918796943737566,0.6701192321452412,-420001.3934819179
1,5,7207.311029605271,12188.441427786902,0.9989596088144934,0.9959077999732889,-4981.130398181631
1,6,7092.756650798951,11976.27947524824,0.9989761449908123,0.9959790321446038,-4883.522824449289
1,7,6840.941615919289,23790.78286155348,0.9990124950444719,0.9920123796928149,-16949.841245634194
1,8,6840.742796280897,26268.27308278543,0.9990125237445235,0.9911805764134892,-19427.53028650453
1,9,6573.803976862456,1440122.6608210946,0.9990510569497164,0.5164869908925345,-1433548.8568442322
1,10,5667.129061054613,196708379.12073046,0.9991819374662714,-65.04372175567906,-196702711.99166942
2,1,77304.94905591439,1627203.035398594,0.9542963399116411,0.45367581701284243,-1549898.0863426798
2,2,52601.13964951001,1319778.6566157648,0.9689015433531604,0.5568918072212938,-1267177.516966255
2,3,46372.797526195296,1414616.5751465617,0.9725838177067996,0.5250505143829675,-1368243.7776203663
2,4,17913.226032861185,3005193.400925233,0.9894094750246887,-0.008976626617896777,-2987280.174892372
2,5,6312.993622650627,1075716.6214536899,0.9962676786131647,0.6388342502093268,-1069403.6278310393
2,6,5112.928185840218,23578681.670824397,0.9969771724227797,-6.9164085363028915,-23573568.74263856
2,7,4631.221836944099,29907187.074641276,0.9972619632867699,-9.04116830447967,-29902555.852804333
2,8,4615.439531206537,80156216.40439582,0.9972712939848125,-25.911994684023178,-80151600.96486461
2,9,4498.517078686162,8314888136.485486,0.9973404200122137,-2790.6764957867085,-8314883637.968408
2,10,3077.405839773256,1902356444124.984,0.9981805988856781,-638704.3781720313,-1902356441047.5781
3,1,67609.64025599464,1664156.9768282778,0.9321245647066765,0.44126874093165636,-1596547.3365722832
3,2,60575.68737592678,1436521.1107610092,0.9391861702966426,0.5176961908824924,-1375945.4233850823
3,3,29666.93149767971,1789405.5787595585,0.9702164383422572,0.39921723375533824,-1759738.6472618787
3,4,7336.4883315632815,4260606.690681913,0.9926346695952861,-0.4304745128171634,-4253270.20235035
3,5,3998.204523401033,80950.6406410145,0.9959860772607273,0.9728212818877541,-76952.43611761347
3,6,3998.0399840262207,96634.10070795724,0.9959862424469589,0.9675556491909805,-92636.06072393102
3,7,3972.714657493627,7908248.200044323,0.9960116673354191,-1.6551494452507258,-7904275.485386829
3,8,3735.7900922654744,1427068940.5552423,0.996249523326601,-478.1302966222729,-1427065204.76515
3,9,3523.681303196373,26672374195.934383,0.9964624659829011,-8954.098241536985,-26672370672.25308
3,10,2460.528353164633,3558073654376.61,0.9975297985259165,-1194602.0335171234,-3558073651916.0815
4,1,399402.9615834794,1691929.6831607057,0.7224597861966283,0.4319442124208739,-1292526.7215772262
4,2,121340.93381676772,904132.7107946889,0.9156816750154027,0.6964425742876788,-782791.7769779211
4,3,12407.357178651777,3913865.0148656154,0.991378279844382,-0.31405796329817015,-3901457.6576869637
4,4,11416.98693826448,6271455.793306811,0.9920664759638395,-1.1056056852666436,-6260038.806368547
4,5,6132.315391588456,18932226.822242264,0.9957387293320422,-5.356387694578899,-18926094.506850675
4,6,5649.909708846135,218926236.73148397,0.9960739471176026,-72.50324133797051,-218920586.8217751
4,7,4915.514207438357,2639315845.9938793,0.9965842695340135,-885.1353143029606,-2639310930.479672
4,8,4867.170993277725,5706036776.439741,0.9966178626399356,-1914.7694597217253,-5706031909.268748
4,9,4776.729724836349,782094730616.799,0.9966807091668626,-262582.86656593194,-782094725840.0692
4,10,1774.0697139273766,654923900978849.2,0.9987672207392919,-219886981.3478336,-654923900977075.1
5,1,178716.3947393683,1649798.6094478152,0.8671931639263478,0.44608948128028725,-1471082.214708447
5,2,104592.35139581263,1143609.6170708581,0.9222758533897302,0.6160395622974926,-1039017.2656750455
5,3,97044.95516199539,1168911.0536514213,0.9278844368432474,0.6075447485787537,-1071866.0984894258
5,4,23025.45484328307,2969454.7968222513,0.9828894388153212,0.0030224068542109572,-2946429.341978968
5,5,8705.559884242786,294443.5939461216,0.9935307677498638,0.9011422346203938,-285738.0340618788
5,6,8604.41668540359,1210771.5188897706,0.9936059287794257,0.5934903349786701,-1202167.102204367
5,7,8087.1567420948995,46912259.12641907,0.9939903124091349,-14.750524723575541,-46904171.96967697
5,8,8052.987864362318,12340052.393306406,0.9940157038151695,-3.14310254782706,-12331999.405442044
5,9,7404.089320625656,18175660165.97946,0.9944979100652012,-6101.37473407772,-18175652761.89014
5,10,3541.67697513151,4527019586874.431,0.9973681266671249,-1519920.1305307094,-4527019583332.754
6,1,526820.965814938,1771539.5985309305,0.8769866113761464,0.4052156352082208,-1244718.6327159926
6,2,241428.92097605727,1134234.4390307467,0.943626029318852,0.6191872251101228,-892805.5180546894
6,3,240754.6659347398,1159060.2640245173,0.9437834687580757,0.6108520952820362,-918305.5980897774
6,4,116540.55259334855,2366548.8304339526,0.9727876276441887,0.20544466292165098,-2250008.277840604
6,5,6595.782765288934,15955.586512165763,0.9984598760466378,0.9946430023938564,-9359.803746876829
6,6,4877.267152352495,170376.3993608427,0.9988611517032041,0.9427970909860641,-165499.13220849022
6,7,4852.775427486157,74645.64617008898,0.9988668705531827,0.9749381479936627,-69792.87074260283
6,8,3251.413389440403,13283121.598225636,0.9992407906958803,-3.4597326804347217,-13279870.184836196
6,9,2993.161851419608,95149739.56663465,0.9993010927697739,-30.945984981185227,-95146746.40478323
6,10,2928.768987757857,24664223.456006296,0.9993161285881567,-7.280873029046814,-24661294.68701854
7,1,184264.60602825333,1651152.0687611832,0.8770269151965149,0.4456350649981784,-1466887.4627329297
7,2,124928.31131212323,1186926.9211113616,0.9166263117346239,0.6014960233387312,-1061998.6097992384
7,3,31972.30069509101,2574196.07511893,0.978662573733031,0.13572827914274166,-2542223.774423839
7,4,16557.106820985722,3002682.7151808254,0.9889502463599263,-0.008133678130085586,-2986125.60835984
7,5,8617.60146072993,603544.8945034709,0.9942488519196655,0.7973632274445032,-594927.2930427409
7,6,8167.1873150675765,12505464.723398292,0.994549445821691,-3.198638798760439,-12497297.536083225
7,7,7055.958167584479,192316520.590816,0.9952910493186132,-63.56918018283656,-192309464.6326484
7,8,7032.434607363359,358311850.2620853,0.9953067482899366,-119.30116991583608,-358304817.82747793
7,9,6253.613547817812,47005246323.22525,0.9958265118531439,-15780.74464709969,-47005240069.6117
7,10,5468.470903270896,3247326839071.66,0.99635049426676,-1090270.5541048127,-3247326833603.1895
8,1,64609.44449114498,1695697.8518640765,0.8985124364224799,0.4306790711671751,-1631088.4073729315
8,2,60861.770854021306,1477761.4826194353,0.9043992269607813,0.5038499701150132,-1416899.711765414
8,3,25543.2226701399,2261097.8487128727,0.9598770821336211,0.24084923148543247,-2235554.626042733
8,4,9113.616250394221,5503672.348528467,0.9856844658560752,-0.8478267516888529,-5494558.732278073
8,5,6486.52259525974,677487.5610116725,0.9898110658671014,0.7725373968694701,-671001.0384164128
8,6,6118.850365544411,31741764.641283404,0.9903885999889749,-9.65711730925572,-31735645.79091786
8,7,5149.284675646765,2802782655.486778,0.9919115794909817,-940.0183677381757,-2802777506.202102
8,8,4788.823609972788,36673266907.61065,0.9924777864226142,-12311.841203533353,-36673262118.78704
8,9,4575.465224934154,744687977388.653,0.9928129266306278,-250023.76149361185,-744687972813.1877
8,10,4336.313733483167,37877702468701.47,0.9931885822702088,-12717222.606687142,-37877702464365.16
9,1,748418.1361088459,1644347.4638010098,0.7176298448670559,0.44791967249001874,-895929.3276921639
9,2,212999.4322079862,973768.2280137698,0.9196375931928901,0.6730628446387087,-760768.7958057837
9,3,138490.6911475764,1265651.4433222055,0.947748943996565,0.5750647118537706,-1127160.7521746291
9,4,61979.45831593716,1059378.0635541924,0.9766158135200752,0.6443198282849876,-997398.6052382552
9,5,4921.2936828352285,19324.040972113995,0.998143248548329,0.9935120629285733,-14402.747289278766
9,6,4911.085566316475,21060.65013915595,0.9981470999614709,0.9929290062578857,-16149.564572839476
9,7,4480.333049633477,12654547.886762453,0.9983096182772243,-3.248692624650774,-12650067.55371282
9,8,4451.562223381476,29126279.056664933,0.9983204732021388,-8.778982869946885,-29121827.49444155
9,9,4378.565653031125,1108988993.007609,0.9983480140271128,-371.33675968298655,-1108984614.4419558
9,10,3324.63751423559,171386640934.00528,0.9987456498374874,-57541.091887904964,-171386637609.36777
10,1,35188.94764861419,1848805.7909580378,0.8914642053585566,0.3792739496705413,-1813616.8433094237
10,2,22604.49601515963,2753558.1832358907,0.9302793319660041,0.07550846941761435,-2730953.6872207313
10,3,6896.945750484422,2778910.7044971436,0.9787272556399613,0.06699650430729509,-2772013.7587466594
10,4,4237.992700387071,6481690.277669535,0.9869284552066091,-1.176190720081956,-6477452.284969148
10,5,4225.343238046217,10438319.757846486,0.9869674708504034,-2.5046066098735307,-10434094.41460844
10,6,3941.6087696722693,507511584.6450186,0.9878426134178835,-169.3941338640567,-507507643.0362489
10,7,3127.2629955625516,87968512890.62749,0.9903543584859228,-29533.928885991692,-87968509763.36449
10,8,3125.7935854325406,47178920209.51512,0.9903588906929586,-15839.05466863322,-47178917083.721535
10,9,2895.877861728134,188205029507386.7,0.991068036246898,-63188769.38876113,-188205029504490.8
10,10,2835.9076878624955,5525828632536023.0,0.9912530065546289,-1855265597.2833679,-5525828632533187.0
11,1,121571.18942522883,1728047.9725918486,0.8774490891688322,0.41981770175496347,-1606476.7831666197
11,2,109205.77373318013,1400682.2018733432,0.8899141556293246,0.529728901116719,-1291476.428140163
11,3,18507.731338202324,2696838.818644229,0.9813431180229569,0.09455167413514975,-2678331.0873060264
11,4,8409.484746752165,3489991.7638916834,0.9915227446551459,-0.17174492522562335,-3481582.279144931
11,5,7354.816073545428,180870.1701058031,0.9925859127226598,0.9392738670220118,-173515.35403225766
11,6,6401.6524858048415,45515579.25270415,0.9935467576925986,-14.281597383653883,-45509177.60021835
11,7,6048.578853444353,1278728025.6127381,0.9939026766849258,-428.3256764264415,-1278721977.0338848
11,8,5064.4762068703685,65681540804.37808,0.9948947100462773,-22051.20451085235,-65681535739.90188
11,9,4577.437637553574,1360207177868.1204,0.9953856735760567,-456680.8393133328,-1360207173290.6826
11,10,3889.687147550777,53359982856130.88,0.9960789665295344,-17915310.367977813,-53359982852241.195
12,1,497986.1362515505,1773047.5086481953,0.8070812655763148,0.40470936294537996,-1275061.3723966447
12,2,153108.85577047878,890018.9006635736,0.9406859658651645,0.7011812059279697,-736910.0448930948
12,3,10348.62047357736,3634163.8375677927,0.9959909671786824,-0.22014988062897345,-3623815.2170942156
12,4,10022.275839618134,4361079.956814173,0.9961173923724504,-0.46420784162595097,-4351057.680974554
12,5,7044.670546295022,299416.1367918973,0.9972709101171914,0.8994727315845163,-292371.4662456023
12,6,6909.924085627432,5691307.608196335,0.9973231105998308,-0.9108242250880594,-5684397.684110708
12,7,6609.2451860961355,52553128.083730645,0.9974395929445043,-16.644414457923276,-52546518.83854455
12,8,6400.69050853138,2986047002.002508,0.9975203865681116,-1001.5483318562406,-2986040601.312
12,9,6350.533950843803,35513370079.62366,0.9975398171082969,-11922.4124272134,-35513363729.08971
12,10,6347.103410963341,3426864977.5437546,0.9975411460919049,-1149.550465022512,-3426858630.4403434
13,1,719995.8171238201,1716860.1385186156,0.7457698992914803,0.4235739535419186,-996864.3213947956
13,2,255729.21800267557,1018050.8557870038,0.9097021631227747,0.6581952037159455,-762321.6377843282
13,3,20181.34583334974,1797466.7092513184,0.9928739786237346,0.39651075494841737,-1777285.3634179686
13,4,20106.821165853897,1850484.3189129687,0.9929002932401145,0.37871039343714596,-1830377.4977471149
13,5,3772.4850157436604,60331.05993923434,0.9986679377537148,0.9797441890698184,-56558.57492349068
13,6,3534.4019223112105,64303.92844707208,0.9987520047543568,0.9784103210186639,-60769.52652476087
13,7,3325.808579359523,1285238.313582685,0.9988256589414013,0.5684885313406174,-1281912.5050033256
13,8,3151.7322012184386,30365246.173984233,0.9988871252084174,-9.194959047100228,-30362094.441783015
13,9,3001.589333922073,1574682488.416789,0.9989401405667925,-527.6907074492726,-1574679486.827455
13,10,2964.1522920957086,55265958206.51091,0.9989533595643024,-18554.231773383744,-55265955242.35862
14,1,518183.58327712555,1712886.3576299676,0.7684789671971959,0.4249081279197515,-1194702.774352842
14,2,201365.46258342502,964214.9099907373,0.9100312295243126,0.6762703169394664,-762849.4474073123
14,3,13249.393993845326,2363420.2654090337,0.9940802574985749,0.20649506087075653,-2350170.8714151885
14,4,9519.564498368234,1893160.5864591082,0.9957467209004257,0.3643820788427875,-1883641.02196074
14,5,5730.205077794981,101926.88477711743,0.9974397818831063,0.9657786269820691,-96196.67969932246
14,6,5428.355314994623,1419850.7691183782,0.9975746463811147,0.5232931634666766,-1414422.4138033835
14,7,4181.260599069614,83669888.31793253,0.9981318401362852,-27.091690085081503,-83665707.05733345
14,8,3887.9275381543694,605442625.4719795,0.9982628994276445,-202.27392495648525,-605438737.5444413
14,9,3727.7612657695254,21905577444.28071,0.9983344606696433,-7353.6732889279765,-21905573716.519444
14,10,3727.734096673687,19219595721.84406,0.9983344728086174,-6451.870171488986,-19219591994.109962
15,1,442364.87681457837,1998955.2866277758,0.8286618915515795,0.3288621087612048,-1556590.4098131973
15,2,116175.5602274435,900557.0882653112,0.9550025289515713,0.6976430692563684,-784381.5280378677
15,3,15857.066022641317,2762350.849898958,0.9938581929979945,0.0725563814934409,-2746493.7838763166
15,4,4818.884470553928,7923603.431557668,0.9981335350221255,-1.6603048770736835,-7918784.547087114
15,5,4525.3173683774585,1766658.9404594689,0.9982472403243,0.40685428845266847,-1762133.6230910914
15,6,4292.796732791197,42819608.98516571,0.9983373009235127,-13.376440668892831,-42815316.18843292
15,7,3316.384401746435,4249891580.86357,0.9987154879149204,-1425.8769755155631,-4249888264.4791684
15,8,3181.073624563842,1806935547.9094393,0.9987678968963524,-605.6683538850835,-1806932366.8358147
15,9,3126.838247031983,246800949596.20737,0.9987889035076011,-82861.0179629731,-246800946469.3691
15,10,3075.728652401983,9381177493936.445,0.9988086994311167,-3149676.095198447,-9381177490860.717
16,1,3466955.6837616586,1879857.0627628607,0.1438669047026765,0.3688486614118289,1587098.620998798
16,2,1004421.8236583376,932062.2599000926,0.7519671887066695,0.687065386706123,72359.56375824497
16,3,710900.5198379039,1050092.2493874612,0.8244495984335917,0.6474374876843676,-339191.7295495573
16,4,50872.49284484143,1245986.668980496,0.9874375017342335,0.5816670482200064,-1195114.1761356546
16,5,7640.544718303259,10998.224599824212,0.9981132371463308,0.9963074085175017,-3357.679881520953
16,6,7150.258886056351,176252.04505612704,0.9982343087623045,0.9408243762945555,-169101.7861700707
16,7,6955.1827740558265,308887.8028520578,0.9982824810295093,0.8962926734668292,-301932.620078002
16,8,6844.228893534912,18543308.112539902,0.9983098800786552,-5.225810445333223,-18536463.88364637
16,9,6745.338396648457,632923334.7309419,0.9983343001852032,-211.50041710725282,-632916589.3925452
16,10,6477.406512927869,66570658666.57626,0.9984004635209542,-22349.720786373997,-66570652189.169754
17,1,28107.79886443419,1756503.3350015115,0.9646318000170095,0.4102639753410655,-1728395.5361370773
17,2,22713.39503148184,2119310.477267896,0.9714196084282288,0.2884535366504599,-2096597.082236414
17,3,11546.848471483549,2448371.317600298,0.9854705362066088,0.177973227287203,-2436824.4691288145
17,4,7244.814089497125,7135546.864021066,0.9908838100488493,-1.3957193576018394,-7128302.049931568
17,5,6856.970282869978,458904.8514941646,0.9913718360725557,0.8459253008952389,-452047.8812112946
17,6,6326.207038817324,426313412.82886696,0.9920396984210027,-142.13230856476733,-426307086.62182814
17,7,5773.063003108032,8225611689.622441,0.992735722644341,-2760.702435493426,-8225605916.559438
17,8,5628.581732626399,90382404953.86934,0.9929175242323215,-30344.379444760933,-90382399325.28761
17,9,5624.958588841009,218737856034.23306,0.9929220832543418,-73438.99358813396,-218737850409.27448
17,10,2960.4437272443365,1238717791670244.2,0.9962748571566002,-415892466.4818653,-1238717791667283.8
18,1,180073.15308456522,1673601.4218272557,0.8073847689370092,0.4380978221307522,-1493528.2687426906
18,2,46240.15307229072,1131729.559339646,0.950539224665963,0.6200282242484918,-1085489.4062673552
18,3,9611.193749985292,5512928.601479353,0.9897193875198309,-0.8509344860778048,-5503317.407729368
18,4,9542.766794883995,4409256.275298765,0.9897925804058442,-0.480382767104121,-4399713.508503881
18,5,9073.939584809823,15641595.630799098,0.9902940613864912,-4.251576949964676,-15632521.691214288
18,6,7979.434453470551,1629777238.3752306,0.9914647986960864,-546.1884570251601,-1629769258.940777
18,7,7763.348788099267,18371550642.79266,0.9916959347074903,-6167.143849776131,-18371542879.44387
18,8,6783.850208960456,2850332780856.6714,0.9927436552694671,-956982.0524324127,-2850332774072.8213
18,9,6777.362846606516,7905713303723.526,0.9927505944759917,-2654297.3681993135,-7905713296946.163
18,10,6416.589333866795,5928720108314548.0,0.9931364958295662,-1990534123.4284632,-5928720108308131.0
19,1,9646697.82762494,2494591.23432634,0.06570506071467763,0.16245515259475773,7152106.593298599
19,2,3752553.886596492,1570251.966197726,0.6365603890273652,0.472796815237743,2182301.920398766
19,3,1180459.0861596377,1357831.7994152077,0.8856710379095741,0.544115680519375,-177372.71325557004
19,4,820424.107993349,860731.6463607338,0.9205408829153114,0.7110142353231101,-40307.53836738481
19,5,5248.213519438008,12247.054038679706,0.9994917038535759,0.995888121121872,-6998.840519241698
19,6,5166.612050493474,12347.257088901497,0.9994996070595056,0.9958544785165214,-7180.645038408023
19,7,5142.982749349031,12335.951188000872,0.9995018955873388,0.9958582744085754,-7192.968438651841
19,8,3666.738642296231,90880.35367046647,0.9996448717044533,0.9694874371000424,-87213.61502817024
19,9,3187.1294911465607,108699.5843234156,0.9996913224600135,0.9635047315518392,-105512.45483226904
19,10,6963.4389643973245,8060741.962047786,0.9993255820902954,-1.7063483602753484,-8053778.523083389
20,1,106707.50568107513,1764304.6053230134,0.8458214011457985,0.4076447431113196,-1657597.0996419382
20,2,93396.6380593318,1415479.2138462686,0.865053890054197,0.5247608883359541,-1322082.5757869368
20,3,39341.29568502477,1727511.6800728447,0.94315689597361,0.41999775892417546,-1688170.38438782
20,4,7232.042314275777,5804591.030529005,0.9895506305413801,-0.9488584911295586,-5797358.988214729
20,5,5431.412503793557,706675.653196966,0.9921523086469952,0.7627376605924429,-701244.2406931724
20,6,5182.029448645875,6701734.638379172,0.9925126350343026,-1.2500693651990216,-6696552.608930526
20,7,5171.887289861259,11812471.052174823,0.992527289147158,-2.9659701071403473,-11807299.164884962
20,8,5072.492975482594,7766032349.7556,0.99267090112672,-2606.4012807459944,-7766027277.262625
20,9,4996.83611983984,231951859485.94812,0.9927802155364447,-77875.52024319845,-231951854489.112
20,10,4413.674866686718,110233126160413.03,0.9936228084200787,-37010145.41541391,-110233126155999.36
21,1,59347.75119946527,1627716.8602369556,0.94933750409059,0.45350330323987764,-1568369.1090374903
21,2,48890.28379761177,1319500.8102552611,0.9582645719029584,0.5569850925597524,-1270610.5264576494
21,3,9346.526296634107,3443880.234674911,0.9920212924550597,-0.15626324102419797,-3434533.708378277
21,4,7800.279287476711,2895440.8567556557,0.9933412537205352,0.027872167121919866,-2887640.577468179
21,5,6499.995802795949,941259.0833319426,0.9944512470293349,0.6839776054408602,-934759.0875291466
21,6,6397.566180668456,11659399.149976287,0.9945386865734988,-2.9145770848268038,-11653001.583795618
21,7,6232.7846571537,251134431.31944183,0.9946793531209633,-83.31695985432467,-251128198.53478467
21,8,4575.809131657708,80899443207.94359,0.9960938383219323,-27160.528864693468,-80899438632.13446
21,9,3035.517507424015,3500517797744.769,0.9974087157441579,-1175277.9813451003,-3500517794709.2515
21,10,2975.5811800009124,3291193375487.239,0.9974598806810178,-1104998.4947160142,-3291193372511.6577
22,1,995764.939399658,2469779.97562997,0.8646720694248756,0.1707853918711716,-1474015.036230312
22,2,276767.1864344979,966711.9074705208,0.9623863734207581,0.6754319642088069,-689944.721036023
22,3,111099.38274561118,1705191.7983316698,0.9849012061378646,0.42749153252915795,-1594092.4155860585
22,4,43657.31027148687,3613168.999914023,0.9940668191660992,-0.21310098305526992,-3569511.6896425365
22,5,3339.732928146147,13594.46325364014,0.9995461186390916,0.9954357361259626,-10254.730325493994
22,6,2426.7187680504135,1010622.8324568798,0.9996702004499515,0.6606891203869193,-1008196.1136888294
22,7,2418.8033479456417,433670.9353439634,0.9996712761831693,0.8543974450127356,-431252.13199601776
22,8,2391.6114124478663,24964709.314321432,0.9996749716621057,-7.381759450391893,-24962317.702908985
22,9,2335.61376746688,662230328.7599753,0.9996825819374956,-221.3400740034183,-662227993.1462078
22,10,2307.610631034677,10840393739.256533,0.9996863876614702,-3638.60066692458,-10840391431.6459
23,1,632745.8056930143,1800501.8160881116,0.8032646650703594,0.39549173505549806,-1167756.0103950973
23,2,219418.44163618074,1054291.1274139376,0.9317777214536336,0.6460277382201801,-834872.6857777569
23,3,28533.646372419647,1878373.4171124457,0.9911282280730511,0.36934678701765233,-1849839.7707400261
23,4,27763.688852796127,1707498.592258338,0.9913676257097354,0.4267170395618448,-1679734.9034055418
23,5,11104.369809708945,15034.718452243298,0.9965473940814148,0.9949521786180471,-3930.3486425343526
23,6,10835.064908644588,302675.0180843602,0.9966311272163204,0.8983785806882695,-291839.95317571564
23,7,9880.790165309942,8733003.044837598,0.9969278333494243,-1.9320562030088393,-8723122.254672287
23,8,8153.70815713854,432538156.9058567,0.9974648231710421,-144.22223105642036,-432530003.1976996
23,9,8115.654238701168,213277862.2636361,0.9974766550161872,-70.60683167106215,-213269746.6093974
23,10,8114.958501151281,96935962.30388525,0.9974768713371153,-31.545699126459347,-96927847.3453841
24,1,339902.99102345237,1698424.4653108262,0.826588189528642,0.42976362617892716,-1358521.474287374
24,2,119603.21014066736,896652.9784504538,0.9389807981794183,0.6989538519666352,-777049.7683097865
24,3,10385.354382814012,3912773.5434408495,0.994701596768867,-0.31369150796259304,-3902388.1890580356
24,4,10340.610069643524,4180189.6599436197,0.9947244244360547,-0.40347495120093924,-4169849.049873976
24,5,7857.543127831324,41493.54563671168,0.9959912362772942,0.9860687775734981,-33636.00250888035
24,6,7065.956887813375,24178237.569654994,0.9963950879839603,-7.117706026203113,-24171171.61276718
24,7,6080.954450639329,510738531.3144887,0.9968976168244237,-170.47756289189743,-510732450.36003804
24,8,5774.410864306936,2015461357.6987343,0.9970540093237489,-675.6797109109546,-2015455583.28787
24,9,4895.65283288695,453390808252.2941,0.9975023343612426,-152222.3903844988,-453390803356.6413
24,10,3849.1458726091137,8145288796394.167,0.9980362415978521,-2734733.480011858,-8145288792545.021
25,1,577853.1058112716,1795848.545832673,0.8124007627178361,0.3970540441313892,-1217995.4400214015
25,2,237731.50635476326,1060326.7418285043,0.9228207846915002,0.644001314939169,-822595.235473741
25,3,24137.439704380595,2632253.2736516483,0.992163812510571,0.11623590427315988,-2608115.833947268
25,4,19214.03455642517,2138862.5040534046,0.9937621894013394,0.28188905463625347,-2119648.4694969794
25,5,9541.892546953113,85246.41682647524,0.9969022373574965,0.9713789994166901,-75704.52427952213
25,6,6230.862001941777,4180245.406117614,0.9979771589917587,-0.40349366766243766,-4174014.544115672
25,7,6163.99901224997,2994334.6354192216,0.9979988659718586,-0.005330857734563876,-2988170.6364069716
25,8,6074.93170558211,6649419.84709359,0.998027781553742,-1.2325049709682556,-6643344.915388008
25,9,5660.616047804746,1420481956.8171446,0.9981622885774327,-475.9187542205072,-1420476296.2010968
25,10,4502.542703017089,183564182292.98926,0.9985382555386104,-61629.63227838523,-183564177790.44656
26,1,327980.0344172147,2211235.9719441957,0.3348866608540132,0.2575900735901062,-1883255.9375269809
26,2,168868.41460761084,1057618.883046519,0.6575503892621648,0.6449104631551753,-888750.4684389082
26,3,125955.0239513448,2403468.0411024312,0.7445747979405218,0.19304924749640473,-2277513.0171510866
26,4,12247.662706839787,13009211.278347911,0.9751628666843861,-3.367768845274906,-12996963.615641072
26,5,8332.368894603907,121474.441203275,0.9831027223704831,0.9592156458656407,-113142.0723086711
26,6,7640.867175070298,42590708.84377468,0.9845050242469418,-13.299588745678179,-42583067.976599604
26,7,7637.001188461036,22021318.610192277,0.9845128641121559,-6.393532728425722,-22013681.609003816
26,8,7560.586379430359,727735256.3483591,0.9846678263155257,-243.33298162947276,-727727695.7619797
26,9,5300.093677046552,1312870669618.9006,0.9892518975748301,-440787.87535485247,-1312870664318.807
26,10,4632.25108386948,9224780143860.598,0.990606220919424,-3097166.5726356315,-9224780139228.346
27,1,73034.01499841418,1770708.63021595,0.9078407485373017,0.40549462810332604,-1697674.615217536
27,2,70586.86562351506,1598720.9797448663,0.9109287268527895,0.4632385055319219,-1528134.1141213512
27,3,35062.5040691763,1831996.1959489398,0.9557557649063485,0.38491767578210234,-1796933.6918797635
27,4,12076.46456723648,5354918.103444402,0.9847611015927786,-0.7978833582440905,-5342841.6388771655
27,5,11574.938932878857,718256.8153848503,0.9853939605017782,0.7588493511235586,-706681.8764519714
27,6,10449.563114634799,40825007.7892341,0.986814035695862,-12.706764638891071,-40814558.226119466
27,7,8158.969987315116,3821413466.2984767,0.9897044607673026,-1282.0178806298954,-3821405307.3284893
27,8,7815.5967165925495,21361977323.414806,0.9901377523452445,-7171.162633869472,-21361969507.81809
27,9,7246.0456234609255,456116143140.917,0.9908564503712795,-153137.40610411277,-456116135894.8714
27,10,7002.274143374457,4674753413483.182,0.9911640576845733,-1569520.9242643702,-4674753406480.907
28,1,711472.2356466221,1930717.2856155853,0.853353840487266,0.3517726302761366,-1219245.049968963
28,2,173359.44074366734,1072747.8398405022,0.9642677606706199,0.6398310017848883,-899388.3990968349
28,3,122867.4580486395,1465453.396414392,0.9746749908862582,0.5079823401965738,-1342585.9383657523
28,4,47067.277760711295,5284099.113596161,0.9902986579426332,-0.7741062843773752,-5237031.835835449
28,5,6499.945068306417,19425.346644668432,0.9986602541412672,0.9934780501240331,-12925.401576362015
28,6,5742.326357651537,585139.2430521983,0.9988164118502066,0.8035428204471673,-579396.9166945468
28,7,3388.978403930824,56255338.92996126,0.9993014756687499,-17.887410735469967,-56251949.95155732
28,8,2999.361868766562,410597320.5225812,0.9993817820611878,-136.85571977885772,-410594321.1607125
28,9,2989.567585331609,180500811.86220598,0.9993838008245055,-59.60212304421045,-180497822.29462066
28,10,2503.9693167960604,33058979101.193466,0.9994838906348719,-11098.364587545091,-33058976597.224148
29,1,258725.23919033265,1677364.55094654,0.8534388602408826,0.4368343728888052,-1418639.3117562074
29,2,143846.94679009693,1037640.3211261873,0.9185144343149438,0.6516181519198474,-893793.3743360904
29,3,6346.659760083716,2472029.065881838,0.9964047818024553,0.17003027258514136,-2465682.4061217546
29,4,5497.894756620081,2330059.718216087,0.9968855851700918,0.21769567523338063,-2324561.823459467
29,5,4094.9280342121624,371469.5847347339,0.9976803294421377,0.8752811954194333,-367374.65670052177
29,6,3561.415341240127,10657110.670869987,0.9979825505497599,-2.5780644170446556,-10653549.255528748
29,7,3227.0819508051727,124459562.39031185,0.9981719417468269,-40.786591629095874,-124456335.30836105
29,8,3103.617747547831,1717826918.7520788,0.9982418810167855,-575.7506374339367,-1717823815.1343312
29,9,2960.991075775145,32118724599.34947,0.9983226753283125,-10782.679475518436,-32118721638.35839
29,10,2916.685691800611,804320335017.8042,0.9983477731795817,-270044.98708907893,-804320332101.1185
